Workbook

Sheet Output
B2: 10 LOWER SPADINA — PURPOSE-BUILT RENTAL SCENARIO — RENTAL COMP SUMMARY (Condos view)
B3: Building | C3: First Occupancy | D3: Avg.Lease Date | E3: Vacancy | F3: Transaction Count | G3: Avg Suite Size | H3: Adj. Avg. Rent | I3: Avg. Net Rent PSF
B5: Lower Spadina / CityPlace Waterfront
B6: Concord Canada House | C6: ='Building Summary'!E4 -> 2025 | D6: =IFERROR(AVERAGEIFS('RD Condos'!$J:$J,'RD Condos'!$K:$K,$B6,'RD Condos'!$A:$A,1),"") -> 45948.757 | F6: ='Building Summary'!J4 -> 284 | G6: ='Building Summary'!K4 -> 629.26056 | H6: =IFERROR(AVERAGEIFS('RD Condos'!$D:$D,'RD Condos'!$K:$K,$B6,'RD Condos'!$A:$A,1),"") -> 2649.8063 | I6: =IFERROR(AVERAGEIFS('RD Condos'!$F:$F,'RD Condos'!$K:$K,$B6,'RD Condos'!$A:$A,1),"") -> 4.2772544
B7: Nobu Residences | C7: ='Building Summary'!E5 -> 2024 | D7: =IFERROR(AVERAGEIFS('RD Condos'!$J:$J,'RD Condos'!$K:$K,$B7,'RD Condos'!$A:$A,1),"") -> 45938.78 | F7: ='Building Summary'!J5 -> 209 | G7: ='Building Summary'!K5 -> 720.84211 | H7: =IFERROR(AVERAGEIFS('RD Condos'!$D:$D,'RD Condos'!$K:$K,$B7,'RD Condos'!$A:$A,1),"") -> 3099.9617 | I7: =IFERROR(AVERAGEIFS('RD Condos'!$F:$F,'RD Condos'!$K:$K,$B7,'RD Condos'!$A:$A,1),"") -> 4.3365306
B8: The Well | C8: ='Building Summary'!E6 -> 2024 | D8: =IFERROR(AVERAGEIFS('RD Condos'!$J:$J,'RD Condos'!$K:$K,$B8,'RD Condos'!$A:$A,1),"") -> 45983.375 | F8: ='Building Summary'!J6 -> 56 | G8: ='Building Summary'!K6 -> 948.60714 | H8: =IFERROR(AVERAGEIFS('RD Condos'!$D:$D,'RD Condos'!$K:$K,$B8,'RD Condos'!$A:$A,1),"") -> 4255.5179 | I8: =IFERROR(AVERAGEIFS('RD Condos'!$F:$F,'RD Condos'!$K:$K,$B8,'RD Condos'!$A:$A,1),"") -> 4.3910833
B9: Ten York | C9: ='Building Summary'!E7 -> 2019 | D9: =IFERROR(AVERAGEIFS('RD Condos'!$J:$J,'RD Condos'!$K:$K,$B9,'RD Condos'!$A:$A,1),"") -> 45923.988 | F9: ='Building Summary'!J7 -> 168 | G9: ='Building Summary'!K7 -> 717.40476 | H9: =IFERROR(AVERAGEIFS('RD Condos'!$D:$D,'RD Condos'!$K:$K,$B9,'RD Condos'!$A:$A,1),"") -> 2916.5417 | I9: =IFERROR(AVERAGEIFS('RD Condos'!$F:$F,'RD Condos'!$K:$K,$B9,'RD Condos'!$A:$A,1),"") -> 4.0347825
B10: Forward Condos | C10: ='Building Summary'!E8 -> 2018 | D10: =IFERROR(AVERAGEIFS('RD Condos'!$J:$J,'RD Condos'!$K:$K,$B10,'RD Condos'!$A:$A,1),"") -> 45934.954 | F10: ='Building Summary'!J8 -> 153 | G10: ='Building Summary'!K8 -> 643.80392 | H10: =IFERROR(AVERAGEIFS('RD Condos'!$D:$D,'RD Condos'!$K:$K,$B10,'RD Condos'!$A:$A,1),"") -> 2674.5425 | I10: =IFERROR(AVERAGEIFS('RD Condos'!$F:$F,'RD Condos'!$K:$K,$B10,'RD Condos'!$A:$A,1),"") -> 4.2030433
B11: Quartz / Spectra | C11: ='Building Summary'!E9 -> 2015 | D11: =IFERROR(AVERAGEIFS('RD Condos'!$J:$J,'RD Condos'!$K:$K,$B11,'RD Condos'!$A:$A,1),"") | F11: ='Building Summary'!J9 -> 0 | G11: ='Building Summary'!K9 | H11: =IFERROR(AVERAGEIFS('RD Condos'!$D:$D,'RD Condos'!$K:$K,$B11,'RD Condos'!$A:$A,1),"") | I11: =IFERROR(AVERAGEIFS('RD Condos'!$F:$F,'RD Condos'!$K:$K,$B11,'RD Condos'!$A:$A,1),"")
B12: Library District | C12: ='Building Summary'!E10 -> 2014 | D12: =IFERROR(AVERAGEIFS('RD Condos'!$J:$J,'RD Condos'!$K:$K,$B12,'RD Condos'!$A:$A,1),"") -> 45901.103 | F12: ='Building Summary'!J10 -> 68 | G12: ='Building Summary'!K10 -> 541.58824 | H12: =IFERROR(AVERAGEIFS('RD Condos'!$D:$D,'RD Condos'!$K:$K,$B12,'RD Condos'!$A:$A,1),"") -> 2272.1324 | I12: =IFERROR(AVERAGEIFS('RD Condos'!$F:$F,'RD Condos'!$K:$K,$B12,'RD Condos'!$A:$A,1),"") -> 4.2769048
B13: N1 | N2 CityPlace | C13: ='Building Summary'!E11 -> 2008 | D13: =IFERROR(AVERAGEIFS('RD Condos'!$J:$J,'RD Condos'!$K:$K,$B13,'RD Condos'!$A:$A,1),"") -> 45917.828 | F13: ='Building Summary'!J11 -> 99 | G13: ='Building Summary'!K11 -> 711.22222 | H13: =IFERROR(AVERAGEIFS('RD Condos'!$D:$D,'RD Condos'!$K:$K,$B13,'RD Condos'!$A:$A,1),"") -> 2733.4242 | I13: =IFERROR(AVERAGEIFS('RD Condos'!$F:$F,'RD Condos'!$K:$K,$B13,'RD Condos'!$A:$A,1),"") -> 3.9035885
B14: Aqua | C14: ='Building Summary'!E12 -> 2003 | D14: =IFERROR(AVERAGEIFS('RD Condos'!$J:$J,'RD Condos'!$K:$K,$B14,'RD Condos'!$A:$A,1),"") -> 45973.806 | F14: ='Building Summary'!J12 -> 31 | G14: ='Building Summary'!K12 -> 701.32258 | H14: =IFERROR(AVERAGEIFS('RD Condos'!$D:$D,'RD Condos'!$K:$K,$B14,'RD Condos'!$A:$A,1),"") -> 2612.2581 | I14: =IFERROR(AVERAGEIFS('RD Condos'!$F:$F,'RD Condos'!$K:$K,$B14,'RD Condos'!$A:$A,1),"") -> 3.7915361
B15: Average | F15: =COUNTIFS('RD Condos'!$A:$A,1) -> 1068 | G15: =IFERROR(AVERAGEIFS('RD Condos'!$B:$B,'RD Condos'!$A:$A,1),"") -> 683.98315 | H15: =IFERROR(AVERAGEIFS('RD Condos'!$D:$D,'RD Condos'!$A:$A,1),"") -> 2850.2097 | I15: =IFERROR(AVERAGEIFS('RD Condos'!$F:$F,'RD Condos'!$A:$A,1),"") -> 4.1972915
B16: PBR Premium | H16: =Data_Summary!C4 -> 0.057662214 | I16: =Data_Summary!C4 -> 0.057662214
B17: Implied Untrended Rent | G17: =G15 -> 683.98315 | H17: =IFERROR(H15*(1+H16),"") -> 3014.5591 | I17: =IFERROR(I15*(1+I16),"") -> 4.4393166
B19: Subject Site (Untrended Rent) | G19: =G17 -> 683.98315 | H19: =H17 -> 3014.5591 | I19: =I17 -> 4.4393166
B21: Other Excluded
B22: Quartz / Spectra (75-85 Queens Wharf Rd, 2015) — selected as a comp; 230 in-window leases pulled, but condos.ca publishes NO per-unit registered area for this corporation, so 0 cleared the exact-or-blank SF bar this session (Route A vipcondos plan-by-stack not re-run). Excluded from $/SF; recorded in the verification log.
B23: PBR / apartment track (same-product comps for the PBR subject): nearby purpose-built rentals found on rentals.ca — 25 Lower Simcoe St, 30 Grand Trunk Cres, 15 Fort York Blvd, 8 Mercer St, 39 Niagara St, 33 Bay St, 16 Yonge St. All publish ASKING rent only with no verified floor-plan SF, so none cleared the SF bar; excluded from $/SF (asking-only). Listed for the premium-basis discussion only.
B24: Evaluated & excluded (location/vintage): Sugar Wharf (95 Lake Shore E — different micro-market); Lighthouse / Aquabella / Aqualuna (East Bayfront ~2.5 km); Bisha / King Blue / Theatre Park (Entertainment District); older CityPlace (Optima/Apex/Montage/Neo/Luna/Parade/West One/Harbour View — redundant with the CityPlace floor already included via N1|N2 + Library).
B25: Weighted Average (all comps) | F25: =COUNTIFS('RD Condos'!$A:$A,1) -> 1068 | G25: =IFERROR(AVERAGEIFS('RD Condos'!$B:$B,'RD Condos'!$A:$A,1),"") -> 683.98315 | H25: =IFERROR(AVERAGEIFS('RD Condos'!$D:$D,'RD Condos'!$A:$A,1),"") -> 2850.2097 | I25: =IFERROR(AVERAGEIFS('RD Condos'!$F:$F,'RD Condos'!$A:$A,1),"") -> 4.1972915
B26: PBR Premium | H26: =Data_Summary!C4 -> 0.057662214 | I26: =Data_Summary!C4 -> 0.057662214
B27: Implied Untrended Rent | H27: =IFERROR(H25*(1+H26),"") -> 3014.5591 | I27: =IFERROR(I25*(1+I26),"") -> 4.4393166 | L27: Studio Units | P27: 1-Bedroom Units | T27: 1-Bedroom + Den Units | X27: 2-Bedroom Units | AB27: 3-Bedroom Units
K28: Building | L28: Transaction Count | M28: Avg. Suite Size | N28: Adj. Avg. Rent | O28: Avg. Net Rent PSF | P28: Transaction Count | Q28: Avg. Suite Size | R28: Adj. Avg. Rent | S28: Avg. Net Rent PSF | T28: Transaction Count | U28: Avg. Suite Size | V28: Adj. Avg. Rent | W28: Avg. Net Rent PSF | X28: Transaction Count | Y28: Avg. Suite Size | Z28: Adj. Avg. Rent | AA28: Avg. Net Rent PSF | AB28: Transaction Count | AC28: Avg. Suite Size | AD28: Adj. Avg. Rent | AE28: Avg. Net Rent PSF
K29: Concord Canada House | L29: =COUNTIFS('RD Condos'!$H:$H,"0",'RD Condos'!$A:$A,1,'RD Condos'!$K:$K,"Concord Canada House") -> 0 | M29: =IFERROR(AVERAGEIFS('RD Condos'!$B:$B,'RD Condos'!$H:$H,"0",'RD Condos'!$A:$A,1,'RD Condos'!$K:$K,"Concord Canada House"),"") | N29: =IFERROR(AVERAGEIFS('RD Condos'!$D:$D,'RD Condos'!$H:$H,"0",'RD Condos'!$A:$A,1,'RD Condos'!$K:$K,"Concord Canada House"),"") | O29: =IFERROR(AVERAGEIFS('RD Condos'!$F:$F,'RD Condos'!$H:$H,"0",'RD Condos'!$A:$A,1,'RD Condos'!$K:$K,"Concord Canada House"),"") | P29: =COUNTIFS('RD Condos'!$Q:$Q,"1",'RD Condos'!$A:$A,1,'RD Condos'!$K:$K,"Concord Canada House") -> 140 | Q29: =IFERROR(AVERAGEIFS('RD Condos'!$B:$B,'RD Condos'!$Q:$Q,"1",'RD Condos'!$A:$A,1,'RD Condos'!$K:$K,"Concord Canada House"),"") -> 525.17857 | R29: =IFERROR(AVERAGEIFS('RD Condos'!$D:$D,'RD Condos'!$Q:$Q,"1",'RD Condos'!$A:$A,1,'RD Condos'!$K:$K,"Concord Canada House"),"") -> 2262.0357 | S29: =IFERROR(AVERAGEIFS('RD Condos'!$F:$F,'RD Condos'!$Q:$Q,"1",'RD Condos'!$A:$A,1,'RD Condos'!$K:$K,"Concord Canada House"),"") -> 4.3297501 | T29: =COUNTIFS('RD Condos'!$Q:$Q,"1+1",'RD Condos'!$A:$A,1,'RD Condos'!$K:$K,"Concord Canada House") -> 55 | U29: =IFERROR(AVERAGEIFS('RD Condos'!$B:$B,'RD Condos'!$Q:$Q,"1+1",'RD Condos'!$A:$A,1,'RD Condos'!$K:$K,"Concord Canada House"),"") -> 583.87273 | V29: =IFERROR(AVERAGEIFS('RD Condos'!$D:$D,'RD Condos'!$Q:$Q,"1+1",'RD Condos'!$A:$A,1,'RD Condos'!$K:$K,"Concord Canada House"),"") -> 2562.9091 | W29: =IFERROR(AVERAGEIFS('RD Condos'!$F:$F,'RD Condos'!$Q:$Q,"1+1",'RD Condos'!$A:$A,1,'RD Condos'!$K:$K,"Concord Canada House"),"") -> 4.4237924 | X29: =COUNTIFS('RD Condos'!$H:$H,"2",'RD Condos'!$A:$A,1,'RD Condos'!$K:$K,"Concord Canada House") -> 74 | Y29: =IFERROR(AVERAGEIFS('RD Condos'!$B:$B,'RD Condos'!$H:$H,"2",'RD Condos'!$A:$A,1,'RD Condos'!$K:$K,"Concord Canada House"),"") -> 783.13514 | Z29: =IFERROR(AVERAGEIFS('RD Condos'!$D:$D,'RD Condos'!$H:$H,"2",'RD Condos'!$A:$A,1,'RD Condos'!$K:$K,"Concord Canada House"),"") -> 3163.5135 | AA29: =IFERROR(AVERAGEIFS('RD Condos'!$F:$F,'RD Condos'!$H:$H,"2",'RD Condos'!$A:$A,1,'RD Condos'!$K:$K,"Concord Canada House"),"") -> 4.0793779 | AB29: =COUNTIFS('RD Condos'!$H:$H,"3",'RD Condos'!$A:$A,1,'RD Condos'!$K:$K,"Concord Canada House") -> 15 | AC29: =IFERROR(AVERAGEIFS('RD Condos'!$B:$B,'RD Condos'!$H:$H,"3",'RD Condos'!$A:$A,1,'RD Condos'!$K:$K,"Concord Canada House"),"") -> 1008 | AD29: =IFERROR(AVERAGEIFS('RD Condos'!$D:$D,'RD Condos'!$H:$H,"3",'RD Condos'!$A:$A,1,'RD Condos'!$K:$K,"Concord Canada House"),"") -> 4053.3333 | AE29: =IFERROR(AVERAGEIFS('RD Condos'!$F:$F,'RD Condos'!$H:$H,"3",'RD Condos'!$A:$A,1,'RD Condos'!$K:$K,"Concord Canada House"),"") -> 4.2261792
B30: ★ RECOMMENDATION — RECOMMENDED SUBJECT RENT
B31: Recommended subject $/SF | D31: =Data_Summary!$C$34 -> 4.5552938 | K31: Weighted Avg. | L31: =COUNTIFS('RD Condos'!$H:$H,"0",'RD Condos'!$A:$A,1) -> 1 | M31: =IFERROR(AVERAGEIFS('RD Condos'!$B:$B,'RD Condos'!$H:$H,"0",'RD Condos'!$A:$A,1),"") -> 403 | N31: =IFERROR(AVERAGEIFS('RD Condos'!$D:$D,'RD Condos'!$H:$H,"0",'RD Condos'!$A:$A,1),"") -> 2000 | O31: =IFERROR(AVERAGEIFS('RD Condos'!$F:$F,'RD Condos'!$H:$H,"0",'RD Condos'!$A:$A,1),"") -> 4.9627792 | P31: =COUNTIFS('RD Condos'!$Q:$Q,"1",'RD Condos'!$A:$A,1) -> 387 | Q31: =IFERROR(AVERAGEIFS('RD Condos'!$B:$B,'RD Condos'!$Q:$Q,"1",'RD Condos'!$A:$A,1),"") -> 533.67959 | R31: =IFERROR(AVERAGEIFS('RD Condos'!$D:$D,'RD Condos'!$Q:$Q,"1",'RD Condos'!$A:$A,1),"") -> 2283.5245 | S31: =IFERROR(AVERAGEIFS('RD Condos'!$F:$F,'RD Condos'!$Q:$Q,"1",'RD Condos'!$A:$A,1),"") -> 4.3127562 | T31: =COUNTIFS('RD Condos'!$Q:$Q,"1+1",'RD Condos'!$A:$A,1) -> 235 | U31: =IFERROR(AVERAGEIFS('RD Condos'!$B:$B,'RD Condos'!$Q:$Q,"1+1",'RD Condos'!$A:$A,1),"") -> 612.66809 | V31: =IFERROR(AVERAGEIFS('RD Condos'!$D:$D,'RD Condos'!$Q:$Q,"1+1",'RD Condos'!$A:$A,1),"") -> 2483.6128 | W31: =IFERROR(AVERAGEIFS('RD Condos'!$F:$F,'RD Condos'!$Q:$Q,"1+1",'RD Condos'!$A:$A,1),"") -> 4.0778679 | X31: =COUNTIFS('RD Condos'!$H:$H,"2",'RD Condos'!$A:$A,1) -> 371 | Y31: =IFERROR(AVERAGEIFS('RD Condos'!$B:$B,'RD Condos'!$H:$H,"2",'RD Condos'!$A:$A,1),"") -> 801.84097 | Z31: =IFERROR(AVERAGEIFS('RD Condos'!$D:$D,'RD Condos'!$H:$H,"2",'RD Condos'!$A:$A,1),"") -> 3315.5202 | AA31: =IFERROR(AVERAGEIFS('RD Condos'!$F:$F,'RD Condos'!$H:$H,"2",'RD Condos'!$A:$A,1),"") -> 4.148316 | AB31: =COUNTIFS('RD Condos'!$H:$H,"3",'RD Condos'!$A:$A,1) -> 74 | AC31: =IFERROR(AVERAGEIFS('RD Condos'!$B:$B,'RD Condos'!$H:$H,"3",'RD Condos'!$A:$A,1),"") -> 1109.4189 | AD31: =IFERROR(AVERAGEIFS('RD Condos'!$D:$D,'RD Condos'!$H:$H,"3",'RD Condos'!$A:$A,1),"") -> 4656.6622 | AE31: =IFERROR(AVERAGEIFS('RD Condos'!$F:$F,'RD Condos'!$H:$H,"3",'RD Condos'!$A:$A,1),"") -> 4.2078873
B32: Conservative (all-comp + premium) $/SF | D32: =Data_Summary!$C$35 -> 4.5108918 | K32: Low | O32: =IFERROR(SUMPRODUCT(MIN(IF((('RD Condos'!$H$2:$H$1069="0")*('RD Condos'!$A$2:$A$1069=1)),'RD Condos'!$F$2:$F$1069))),"") -> 4.9627792 | S32: =IFERROR(SUMPRODUCT(MIN(IF((('RD Condos'!$Q$2:$Q$1069="1")*('RD Condos'!$A$2:$A$1069=1)),'RD Condos'!$F$2:$F$1069))),"") -> 2.5543478 | W32: =IFERROR(SUMPRODUCT(MIN(IF((('RD Condos'!$Q$2:$Q$1069="1+1")*('RD Condos'!$A$2:$A$1069=1)),'RD Condos'!$F$2:$F$1069))),"") -> 2.8678304 | AA32: =IFERROR(SUMPRODUCT(MIN(IF((('RD Condos'!$H$2:$H$1069="2")*('RD Condos'!$A$2:$A$1069=1)),'RD Condos'!$F$2:$F$1069))),"") -> 2.2334294 | AE32: =IFERROR(SUMPRODUCT(MIN(IF((('RD Condos'!$H$2:$H$1069="3")*('RD Condos'!$A$2:$A$1069=1)),'RD Condos'!$F$2:$F$1069))),"") -> 2.9247911
B33: Raw comp $/SF (Concord Canada House, no premium) | D33: =Data_Summary!$C$31 -> 4.3069458 | K33: High | O33: =IFERROR(SUMPRODUCT(MAX(IF((('RD Condos'!$H$2:$H$1069="0")*('RD Condos'!$A$2:$A$1069=1)),'RD Condos'!$F$2:$F$1069))),"") -> 4.9627792 | S33: =IFERROR(SUMPRODUCT(MAX(IF((('RD Condos'!$Q$2:$Q$1069="1")*('RD Condos'!$A$2:$A$1069=1)),'RD Condos'!$F$2:$F$1069))),"") -> 7.4074074 | W33: =IFERROR(SUMPRODUCT(MAX(IF((('RD Condos'!$Q$2:$Q$1069="1+1")*('RD Condos'!$A$2:$A$1069=1)),'RD Condos'!$F$2:$F$1069))),"") -> 5.4205607 | AA33: =IFERROR(SUMPRODUCT(MAX(IF((('RD Condos'!$H$2:$H$1069="2")*('RD Condos'!$A$2:$A$1069=1)),'RD Condos'!$F$2:$F$1069))),"") -> 6.5934066 | AE33: =IFERROR(SUMPRODUCT(MAX(IF((('RD Condos'!$H$2:$H$1069="3")*('RD Condos'!$A$2:$A$1069=1)),'RD Condos'!$F$2:$F$1069))),"") -> 6.8807339
B34: Plus — new-build / lease-up premium | D34: =Data_Summary!$C$4 -> 0.057662214
K35: PBR Premium | O35: =Data_Summary!$C$4 -> 0.057662214 | S35: =Data_Summary!$C$4 -> 0.057662214 | W35: =Data_Summary!$C$4 -> 0.057662214 | AA35: =Data_Summary!$C$4 -> 0.057662214 | AE35: =Data_Summary!$C$4 -> 0.057662214
B36: Recommended monthly rent by suite type | K36: Weighted Avg. (×(1+PBR)) | N36: =IFERROR(N31*(1+$O$35),"") -> 2115.3244 | O36: =IFERROR(O31*(1+O35),"") -> 5.248944 | R36: =IFERROR(R31*(1+$S$35),"") -> 2415.1976 | S36: =IFERROR(S31*(1+S35),"") -> 4.5614393 | V36: =IFERROR(V31*(1+$W$35),"") -> 2626.8234 | W36: =IFERROR(W31*(1+W35),"") -> 4.3130068 | Z36: =IFERROR(Z31*(1+$AA$35),"") -> 3506.7005 | AA36: =IFERROR(AA31*(1+AA35),"") -> 4.3875171 | AD36: =IFERROR(AD31*(1+$AE$35),"") -> 4925.1756 | AE36: =IFERROR(AE31*(1+AE35),"") -> 4.4505234
B37: Suite | C37: Avg SF | D37: Rec. Rent | K37: Weighted Avg. Building Total (Comps) | L37: =IFERROR((R31*Data_Summary!$T$3+V31*Data_Summary!$T$4+Z31*Data_Summary!$T$5+AD31*Data_Summary!$T$6)*Data_Summary!$T$2,"") -> 1428377.2
B38: 1-Bed / 1+Den | C38: =Data_Summary!C26 -> 541.73333 | D38: =Data_Summary!F26 -> 2483.8519
B39: 2-Bed | C39: =Data_Summary!C27 -> 783.13514 | D39: =Data_Summary!F27 -> 3433.829 | K39: Subject Property (Using Comp $ Rent) | N39: =IFERROR(N36,"") -> 2115.3244 | R39: =IFERROR(R36,"") -> 2415.1976 | V39: =IFERROR(V36,"") -> 2626.8234 | Z39: =IFERROR(Z36,"") -> 3506.7005 | AD39: =IFERROR(AD36,"") -> 4925.1756
B40: 3-Bed | C40: =Data_Summary!C28 -> 1008 | D40: =Data_Summary!F28 -> 4435.1302 | K40: Subject Property Rent Building Total | L40: =IFERROR((R39*Data_Summary!$T$3+V39*Data_Summary!$T$4+Z39*Data_Summary!$T$5+AD39*Data_Summary!$T$6)*Data_Summary!$T$2,"") -> 1510740.6
B42: Custom suite — enter size (sq ft) → | D42: 700 | K42: Subject Property (Using Comp PSF Rent) | N42: =IFERROR(O36*M31,"") -> 2115.3244 | R42: =IFERROR(S36*Q31,"") -> 2434.347 | V42: =IFERROR(W36*U31,"") -> 2642.4416 | Z42: =IFERROR(AA36*Y31,"") -> 3518.091 | AD42: =IFERROR(AE36*AC31,"") -> 4937.4949
B43: Implied rent @ recommended subject $/SF | D43: =IFERROR(D42*Data_Summary!$C$34,"") -> 3188.7057 | K43: Subject Property PSF Rent Building Total | L43: =IFERROR((R42*Data_Summary!$T$3+V42*Data_Summary!$T$4+Z42*Data_Summary!$T$5+AD42*Data_Summary!$T$6)*Data_Summary!$T$2,"") -> 1518767.4
B44: Implied rent @ raw comp $/SF (no premium) | D44: =IFERROR(D42*Data_Summary!$C$31,"") -> 3014.8621
K45: Subject Property Rent | N45: =IFERROR(AVERAGE(N39,N42),"") -> 2115.3244 | R45: =IFERROR(AVERAGE(R39,R42),"") -> 2424.7723 | V45: =IFERROR(AVERAGE(V39,V42),"") -> 2634.6325 | Z45: =IFERROR(AVERAGE(Z39,Z42),"") -> 3512.3957 | AD45: =IFERROR(AVERAGE(AD39,AD42),"") -> 4931.3353
B46: NOTES & CONTEXT | K46: Subject Property Rent Building Total | L46: =IFERROR((R45*Data_Summary!$T$3+V45*Data_Summary!$T$4+Z45*Data_Summary!$T$5+AD45*Data_Summary!$T$6)*Data_Summary!$T$2,"") -> 1514754
B47: SUBJECT TREATED AS PURPOSE-BUILT RENTAL (PBR) per user instruction 2026-06-22 — overrides vipcondos, which lists it as a condo.
B48: All 1,068 verified comps are CONDOS (condos.ca). For a PBR subject these are CROSS-PRODUCT comps: their $/SF must be bridged DOWN to PBR-equivalent by the condo→PBR premium (~10%). | K48: Regression:
B49: This workbook's recommended $/SF is the CONDO-EQUIVALENT basis (condo comps + new-build premium). PBR-subject achievable rent = condo-equivalent $/SF ÷ (1 + ~10%). | K49: Coefficients:
B50: No-cap pull: EVERY in-window leased transaction was pulled from condos.ca (1,877 total Jan-2025→now across the 9 buildings); 1,068 carry a verified exact interior SF and form the comp set; the remaining ~809 (incl. all 230 Quartz/Spectra) had no published registered area and are logged in the verification file. | K50: Total Building coefficient | L50: 0 | M50: ← optional external regression input (Predictor); 0 = unused
B51: SF verified this session: condos.ca registered area (sqft*, source Calculated) confirmed equal to the unit page for Concord 929 (888) and Aqua 414 (600).
B52: Confidence fills (Raw Data only): green = leased in-window + SF verified per-unit · cream = plate-verified / older / minor caveat / apartment asking-only · orange = excluded partial / bracket-only. No colour fills on summary/Output cells. | K52: Subject Property Rent (Increase vs comps) | L52: =IFERROR(L46/L37-1,"") -> 0.060471976
K53: Subject Property Rent (Building Total) | L53: =L46 -> 1514754
R56: Unadjusted | Z56: Unadjusted | AD56: Unadjusted
K57: TRREB Data () | R57: Rent (1BR) | Z57: Rent (2BR) | AD57: Rent (3BR)
P58: ← TRREB (district / City / GTA YoY), read this session

Sheet Building Summary
A1: Comp Building Summary — 10 Lower Spadina (PBR scenario) (10 Lower Spadina Ave, Waterfront / C01)
A3: Building | B3: Address | C3: Area | D3: Developer | E3: First Occupancy | F3: Yr Built | G3: Product | H3: Storeys | I3: Units | J3: Transaction Count | K3: Avg SF | L3: Avg Rent | M3: Avg $/SF
A4: Concord Canada House | B4: 23 Spadina Ave | C4: CityPlace | D4: Concord Adex | E4: 2025 | F4: 2025 | G4: Condo | J4: =COUNTIFS('RD Condos'!$K:$K,$A4,'RD Condos'!$A:$A,1) -> 284 | K4: =IFERROR(AVERAGEIFS('RD Condos'!$B:$B,'RD Condos'!$K:$K,$A4,'RD Condos'!$A:$A,1),"") -> 629.26056 | L4: =IFERROR(AVERAGEIFS('RD Condos'!$AB:$AB,'RD Condos'!$K:$K,$A4,'RD Condos'!$A:$A,1),"") -> 2679.912 | M4: =IFERROR(AVERAGEIFS('RD Condos'!$E:$E,'RD Condos'!$K:$K,$A4,'RD Condos'!$A:$A,1),"") -> 4.3137755
A5: Nobu Residences | B5: 15 Mercer St | C5: Entertainment District | D5: Madison Group | E5: 2024 | F5: 2024 | G5: Condo | J5: =COUNTIFS('RD Condos'!$K:$K,$A5,'RD Condos'!$A:$A,1) -> 209 | K5: =IFERROR(AVERAGEIFS('RD Condos'!$B:$B,'RD Condos'!$K:$K,$A5,'RD Condos'!$A:$A,1),"") -> 720.84211 | L5: =IFERROR(AVERAGEIFS('RD Condos'!$AB:$AB,'RD Condos'!$K:$K,$A5,'RD Condos'!$A:$A,1),"") -> 3128.6699 | M5: =IFERROR(AVERAGEIFS('RD Condos'!$E:$E,'RD Condos'!$K:$K,$A5,'RD Condos'!$A:$A,1),"") -> 4.3690416
A6: The Well | B6: 470-486 Front St W | C6: King West | D6: Tridel / RioCan | E6: 2024 | F6: 2024 | G6: Condo | J6: =COUNTIFS('RD Condos'!$K:$K,$A6,'RD Condos'!$A:$A,1) -> 56 | K6: =IFERROR(AVERAGEIFS('RD Condos'!$B:$B,'RD Condos'!$K:$K,$A6,'RD Condos'!$A:$A,1),"") -> 948.60714 | L6: =IFERROR(AVERAGEIFS('RD Condos'!$AB:$AB,'RD Condos'!$K:$K,$A6,'RD Condos'!$A:$A,1),"") -> 4351.9464 | M6: =IFERROR(AVERAGEIFS('RD Condos'!$E:$E,'RD Condos'!$K:$K,$A6,'RD Condos'!$A:$A,1),"") -> 4.4763158
A7: Ten York | B7: 10 York St | C7: Waterfront | D7: Tridel | E7: 2019 | F7: 2019 | G7: Condo | J7: =COUNTIFS('RD Condos'!$K:$K,$A7,'RD Condos'!$A:$A,1) -> 168 | K7: =IFERROR(AVERAGEIFS('RD Condos'!$B:$B,'RD Condos'!$K:$K,$A7,'RD Condos'!$A:$A,1),"") -> 717.40476 | L7: =IFERROR(AVERAGEIFS('RD Condos'!$AB:$AB,'RD Condos'!$K:$K,$A7,'RD Condos'!$A:$A,1),"") -> 2964.756 | M7: =IFERROR(AVERAGEIFS('RD Condos'!$E:$E,'RD Condos'!$K:$K,$A7,'RD Condos'!$A:$A,1),"") -> 4.0902089
A8: Forward Condos | B8: 70-90 Queens Wharf Rd | C8: CityPlace | D8: Concord Adex | E8: 2018 | F8: 2018 | G8: Condo | J8: =COUNTIFS('RD Condos'!$K:$K,$A8,'RD Condos'!$A:$A,1) -> 153 | K8: =IFERROR(AVERAGEIFS('RD Condos'!$B:$B,'RD Condos'!$K:$K,$A8,'RD Condos'!$A:$A,1),"") -> 643.80392 | L8: =IFERROR(AVERAGEIFS('RD Condos'!$AB:$AB,'RD Condos'!$K:$K,$A8,'RD Condos'!$A:$A,1),"") -> 2743.1699 | M8: =IFERROR(AVERAGEIFS('RD Condos'!$E:$E,'RD Condos'!$K:$K,$A8,'RD Condos'!$A:$A,1),"") -> 4.303167
A9: Quartz / Spectra | B9: 75-85 Queens Wharf Rd | C9: CityPlace | D9: Concord Adex | E9: 2015 | F9: 2015 | G9: Condo | J9: =COUNTIFS('RD Condos'!$K:$K,$A9,'RD Condos'!$A:$A,1) -> 0 | K9: =IFERROR(AVERAGEIFS('RD Condos'!$B:$B,'RD Condos'!$K:$K,$A9,'RD Condos'!$A:$A,1),"") | L9: =IFERROR(AVERAGEIFS('RD Condos'!$AB:$AB,'RD Condos'!$K:$K,$A9,'RD Condos'!$A:$A,1),"") | M9: =IFERROR(AVERAGEIFS('RD Condos'!$E:$E,'RD Condos'!$K:$K,$A9,'RD Condos'!$A:$A,1),"")
A10: Library District | B10: 170 Fort York Blvd | C10: CityPlace | D10: Concord Adex | E10: 2014 | F10: 2014 | G10: Condo | J10: =COUNTIFS('RD Condos'!$K:$K,$A10,'RD Condos'!$A:$A,1) -> 68 | K10: =IFERROR(AVERAGEIFS('RD Condos'!$B:$B,'RD Condos'!$K:$K,$A10,'RD Condos'!$A:$A,1),"") -> 541.58824 | L10: =IFERROR(AVERAGEIFS('RD Condos'!$AB:$AB,'RD Condos'!$K:$K,$A10,'RD Condos'!$A:$A,1),"") -> 2329.4853 | M10: =IFERROR(AVERAGEIFS('RD Condos'!$E:$E,'RD Condos'!$K:$K,$A10,'RD Condos'!$A:$A,1),"") -> 4.3747615
A11: N1 | N2 CityPlace | B11: 15 Fort York Blvd | C11: CityPlace | D11: Concord Adex | E11: 2008 | F11: 2008 | G11: Condo | J11: =COUNTIFS('RD Condos'!$K:$K,$A11,'RD Condos'!$A:$A,1) -> 99 | K11: =IFERROR(AVERAGEIFS('RD Condos'!$B:$B,'RD Condos'!$K:$K,$A11,'RD Condos'!$A:$A,1),"") -> 711.22222 | L11: =IFERROR(AVERAGEIFS('RD Condos'!$AB:$AB,'RD Condos'!$K:$K,$A11,'RD Condos'!$A:$A,1),"") -> 2839.4848 | M11: =IFERROR(AVERAGEIFS('RD Condos'!$E:$E,'RD Condos'!$K:$K,$A11,'RD Condos'!$A:$A,1),"") -> 4.0501137
A12: Aqua | B12: 410 Queens Quay W | C12: Waterfront | D12: Monarch | E12: 2003 | F12: 2003 | G12: Condo | J12: =COUNTIFS('RD Condos'!$K:$K,$A12,'RD Condos'!$A:$A,1) -> 31 | K12: =IFERROR(AVERAGEIFS('RD Condos'!$B:$B,'RD Condos'!$K:$K,$A12,'RD Condos'!$A:$A,1),"") -> 701.32258 | L12: =IFERROR(AVERAGEIFS('RD Condos'!$AB:$AB,'RD Condos'!$K:$K,$A12,'RD Condos'!$A:$A,1),"") -> 2699.3548 | M12: =IFERROR(AVERAGEIFS('RD Condos'!$E:$E,'RD Condos'!$K:$K,$A12,'RD Condos'!$A:$A,1),"") -> 3.9085518
A13: ALL CONDOS | J13: =SUM(J4:J12) -> 1068 | K13: =IFERROR(AVERAGEIFS('RD Condos'!$B:$B,'RD Condos'!$A:$A,1),"") -> 683.98315 | L13: =IFERROR(AVERAGEIFS('RD Condos'!$AB:$AB,'RD Condos'!$A:$A,1),"") -> 2902.3165 | M13: =IFERROR(AVERAGEIFS('RD Condos'!$AN:$AN,'RD Condos'!$A:$A,1),"") -> 4.2641062
A14: ALL APARTMENTS | J14: =COUNTIFS('RD Apartments'!$A:$A,1) -> 0 | K14: =IFERROR(AVERAGEIFS('RD Apartments'!$B:$B,'RD Apartments'!$A:$A,1),"") | L14: =IFERROR(AVERAGEIFS('RD Apartments'!$AB:$AB,'RD Apartments'!$A:$A,1),"") | M14: =IFERROR(AVERAGEIFS('RD Apartments'!$AN:$AN,'RD Apartments'!$A:$A,1),"")

Sheet Data_Summary
B1: Date Filter (include leases on/after) | C1: 45658 | D1: lever — trailing window; leases on/after this date count. Tunable. | G1: Subject unit mix (1BR/2BR/3BR, den-incl) — DERIVED | P1: Subject Unit-Mix Derivation (P/Q) | S1: Subject Output mix & suite count
B2: Parking Adjustment ($/spot/mo) | C2: 150 | D2: Area parking comps, downtown waterfront: standalone spots ~$200-250/mo; observed with-vs-without-parking rent uplift is modest (most CityPlace/waterfront comps lease w/o parking). Tunable lever; prior model used a near-zero LINEST value. condos.ca, 2026-06-22. | G2: 1BR wt | H2: =IF($Q$5>0,$Q$2/$Q$5,$Q$8) -> 0.63 | P2: 1BR plans (SUBJECT, den-incl) | Q2: =COUNTIFS('Floor Plans'!$A:$A,"*(SUBJECT)*",'Floor Plans'!$I:$I,"<=1") -> 0 | S2: Suite count | T2: 511 | U2: vipcondos Step 0 2026-06-22: 511 suites / 49 storeys.
B3: Apartment premium (apt comps only) — OFF | C3: 0 | D3: No APARTMENT COMP rows in the set (PBR track found only asking-only listings with no verified SF — see notes). Condo→PBR premium for the subject is ~10% (external/prior-model anchor); applied as a DOWNWARD bridge to the condo-equivalent recommendation in the PBR summary, not via this lever. | G3: 2BR wt | H3: =IF($Q$5>0,$Q$3/$Q$5,$Q$9) -> 0.3 | P3: 2BR plans (SUBJECT) | Q3: =COUNTIFS('Floor Plans'!$A:$A,"*(SUBJECT)*",'Floor Plans'!$I:$I,2) -> 0 | S3: 1BR wt | T3: 0.45
B4: Subject rental premium (new-build / lease-up; comp $/SF → subject) | C4: =IF(AND(ABS(C61)<0.0001,ABS(C62)<0.0001),0.1,(C61+C62)/2) -> 0.057662214 | D4: DERIVED off PREMIUM BASIS (midpoint of C61 newest/all-comp & C62 newest/oldest). This comp set is single-/equal-vintage ⇒ no spread ⇒ C4 falls back to the sourced subject premium 10.0%: new-build/lease-up premium fallback; brand-new 2029-30 subject vs comp blend. C4 normally DERIVED off the live PREMIUM BASIS vintage spread (2003-2025); this is the fallback only if the comp set were single-vintage. | G4: 3BR wt | H4: =IF($Q$5>0,$Q$4/$Q$5,$Q$10) -> 0.07 | P4: 3BR plans (SUBJECT) | Q4: =COUNTIFS('Floor Plans'!$A:$A,"*(SUBJECT)*",'Floor Plans'!$I:$I,">=3") -> 0 | S4: 1+Den wt | T4: 0.18
P5: Total tagged plans | Q5: =SUM(Q2:Q4) -> 0 | S5: 2BR wt | T5: 0.3
P6: (0 ⇒ falls back to manual mix Q8:Q10) | S6: 3BR wt | T6: 0.07
P7: Source | Q7: estimated downtown-waterfront program 2026-06-22 (den-incl 1BR=1B+1+den); supersede with developer suite schedule (authoritative).
P8: 1BR wt (manual) | Q8: 0.63
P9: 2BR wt (manual) | Q9: 0.3
P10: 3BR wt (manual) | Q10: 0.07
A18: By Bedroom — all comps (den-incl.)
A19: Beds | B19: Incl. | C19: Avg SF | D19: Avg Rent | E19: Avg $/SF
A20: 1 Bed | B20: =COUNTIFS('RD Condos'!$H:$H,"1",'RD Condos'!$A:$A,1) -> 622 | C20: =IFERROR(AVERAGEIFS('RD Condos'!$B:$B,'RD Condos'!$H:$H,"1",'RD Condos'!$A:$A,1),"") -> 563.52251 | D20: =IFERROR(AVERAGEIFS('RD Condos'!$AB:$AB,'RD Condos'!$H:$H,"1",'RD Condos'!$A:$A,1),"") -> 2385.1656 | E20: =IFERROR(AVERAGEIFS('RD Condos'!$AN:$AN,'RD Condos'!$H:$H,"1",'RD Condos'!$A:$A,1),"") -> 4.2686643
A21: 2 Bed | B21: =COUNTIFS('RD Condos'!$H:$H,"2",'RD Condos'!$A:$A,1) -> 371 | C21: =IFERROR(AVERAGEIFS('RD Condos'!$B:$B,'RD Condos'!$H:$H,"2",'RD Condos'!$A:$A,1),"") -> 801.84097 | D21: =IFERROR(AVERAGEIFS('RD Condos'!$AB:$AB,'RD Condos'!$H:$H,"2",'RD Condos'!$A:$A,1),"") -> 3391.531 | E21: =IFERROR(AVERAGEIFS('RD Condos'!$AN:$AN,'RD Condos'!$H:$H,"2",'RD Condos'!$A:$A,1),"") -> 4.2380095
A22: 3 Bed | B22: =COUNTIFS('RD Condos'!$H:$H,"3",'RD Condos'!$A:$A,1) -> 74 | C22: =IFERROR(AVERAGEIFS('RD Condos'!$B:$B,'RD Condos'!$H:$H,"3",'RD Condos'!$A:$A,1),"") -> 1109.4189 | D22: =IFERROR(AVERAGEIFS('RD Condos'!$AB:$AB,'RD Condos'!$H:$H,"3",'RD Condos'!$A:$A,1),"") -> 4808.6892 | E22: =IFERROR(AVERAGEIFS('RD Condos'!$AN:$AN,'RD Condos'!$H:$H,"3",'RD Condos'!$A:$A,1),"") -> 4.3471882
A24: By Bedroom — Concord Canada House only (new-build basis)
A25: Beds | B25: Incl. | C25: Avg SF | D25: Avg Rent | E25: $/SF | F25: Subj Rent (+prem)
A26: 1 Bed | B26: =COUNTIFS('RD Condos'!$K:$K,"Concord Canada House",'RD Condos'!$H:$H,"1",'RD Condos'!$A:$A,1) -> 195 | C26: =IFERROR(AVERAGEIFS('RD Condos'!$B:$B,'RD Condos'!$K:$K,"Concord Canada House",'RD Condos'!$H:$H,"1",'RD Condos'!$A:$A,1),"") -> 541.73333 | D26: =IFERROR(AVERAGEIFS('RD Condos'!$AB:$AB,'RD Condos'!$K:$K,"Concord Canada House",'RD Condos'!$H:$H,"1",'RD Condos'!$A:$A,1),"") -> 2348.4359 | E26: =IFERROR(AVERAGEIFS('RD Condos'!$E:$E,'RD Condos'!$K:$K,"Concord Canada House",'RD Condos'!$H:$H,"1",'RD Condos'!$A:$A,1),"") -> 4.3592359 | F26: =IFERROR(D26*(1+$C$4),"") -> 2483.8519
A27: 2 Bed | B27: =COUNTIFS('RD Condos'!$K:$K,"Concord Canada House",'RD Condos'!$H:$H,"2",'RD Condos'!$A:$A,1) -> 74 | C27: =IFERROR(AVERAGEIFS('RD Condos'!$B:$B,'RD Condos'!$K:$K,"Concord Canada House",'RD Condos'!$H:$H,"2",'RD Condos'!$A:$A,1),"") -> 783.13514 | D27: =IFERROR(AVERAGEIFS('RD Condos'!$AB:$AB,'RD Condos'!$K:$K,"Concord Canada House",'RD Condos'!$H:$H,"2",'RD Condos'!$A:$A,1),"") -> 3246.6216 | E27: =IFERROR(AVERAGEIFS('RD Condos'!$E:$E,'RD Condos'!$K:$K,"Concord Canada House",'RD Condos'!$H:$H,"2",'RD Condos'!$A:$A,1),"") -> 4.1836466 | F27: =IFERROR(D27*(1+$C$4),"") -> 3433.829
A28: 3 Bed | B28: =COUNTIFS('RD Condos'!$K:$K,"Concord Canada House",'RD Condos'!$H:$H,"3",'RD Condos'!$A:$A,1) -> 15 | C28: =IFERROR(AVERAGEIFS('RD Condos'!$B:$B,'RD Condos'!$K:$K,"Concord Canada House",'RD Condos'!$H:$H,"3",'RD Condos'!$A:$A,1),"") -> 1008 | D28: =IFERROR(AVERAGEIFS('RD Condos'!$AB:$AB,'RD Condos'!$K:$K,"Concord Canada House",'RD Condos'!$H:$H,"3",'RD Condos'!$A:$A,1),"") -> 4193.3333 | E28: =IFERROR(AVERAGEIFS('RD Condos'!$E:$E,'RD Condos'!$K:$K,"Concord Canada House",'RD Condos'!$H:$H,"3",'RD Condos'!$A:$A,1),"") -> 4.3647595 | F28: =IFERROR(D28*(1+$C$4),"") -> 4435.1302
A30: SUBJECT RECOMMENDATION (comp $/SF + premium)
A31: Weighted comp $/SF — Concord Canada House basis | C31: =E26*$H$2+E27*$H$3+E28*$H$4 -> 4.3069458
A32: Weighted comp $/SF — all-comp basis | C32: =E20*$H$2+E21*$H$3+E22*$H$4 -> 4.2649645
A33: Subject rental premium | C33: =C4 -> 0.057662214
A34: RECOMMENDED subject $/SF (Concord Canada House + premium) | C34: =C31*(1+C4) -> 4.5552938
A35: Subject $/SF (all-comp + premium) | C35: =C32*(1+C4) -> 4.5108918
A36: Prior model subject | C36: 4.78
A37: Residual vs prior | C37: =IFERROR(C34/C36-1,"") -> -0.047009661
A56: PREMIUM BASIS (live) — vintage $/SF spread anchoring C4
A57: Metric | C57: $/SF
A58: Newest comp (Concord Canada House) avg $/SF | C58: =IFERROR(AVERAGEIFS('RD Condos'!$E:$E,'RD Condos'!$K:$K,"Concord Canada House",'RD Condos'!$A:$A,1),"") -> 4.3137755
A59: All-comp avg $/SF | C59: =IFERROR(AVERAGEIFS('RD Condos'!$AN:$AN,'RD Condos'!$A:$A,1),"") -> 4.2641062
A60: Oldest comp (Aqua) avg $/SF | C60: =IFERROR(AVERAGEIFS('RD Condos'!$E:$E,'RD Condos'!$K:$K,"Aqua",'RD Condos'!$A:$A,1),"") -> 3.9085518
A61: Observed vintage premium — newest / all-comp - 1 | C61: =IFERROR(C58/C59-1,"") -> 0.011648239
A62: Observed vintage premium — newest / oldest - 1 | C62: =IFERROR(C58/C60-1,"") -> 0.10367619
A63: C4 subject premium (sits within observed range) | C63: =C4 -> 0.057662214
A65: MIX BASIS (live) — comp-set bed distribution vs estimated subject mix
A66: Bucket | B66: Comp # | C66: Comp share | D66: Subject est.
A67: 1-Bed (H=1, den-incl) | B67: =COUNTIFS('RD Condos'!$H:$H,"1",'RD Condos'!$A:$A,1) -> 622 | C67: =IFERROR(B67/$B$70,"") -> 0.58294283 | D67: =H2 -> 0.63
A68: 2-Bed (H=2, incl 2+den) | B68: =COUNTIFS('RD Condos'!$H:$H,"2",'RD Condos'!$A:$A,1) -> 371 | C68: =IFERROR(B68/$B$70,"") -> 0.34770384 | D68: =H3 -> 0.3
A69: 3-Bed (H=3) | B69: =COUNTIFS('RD Condos'!$H:$H,"3",'RD Condos'!$A:$A,1) -> 74 | C69: =IFERROR(B69/$B$70,"") -> 0.069353327 | D69: =H4 -> 0.07
A70: Total included | B70: =B67+B68+B69 -> 1067
A71: 1+Den share (Q=1+1) | B71: =COUNTIFS('RD Condos'!$Q:$Q,"1+1",'RD Condos'!$A:$A,1) -> 235 | C71: =IFERROR(B71/$B$70,"") -> 0.22024367 | D71: =T4 -> 0.18
A74: APARTMENT PREMIUM BASIS (C3) — N/A this set
A75: No purpose-built apartment comps selected, so C3 is unused (0). If apartment comps are added, derive C3 from the condo ÷ apartment $/SF spread or cite a named market study — never a bare %.
A78: Comp building rollup (included leases)
A79: Building | B79: Address | C79: Built | D79: Incl. | E79: Avg SF | F79: Avg Rent | G79: Avg $/SF
A80: Concord Canada House | B80: 23 Spadina Ave | C80: Built 2025 | D80: =COUNTIFS('RD Condos'!$K:$K,$A80,'RD Condos'!$A:$A,1) -> 284 | E80: =IFERROR(AVERAGEIFS('RD Condos'!$B:$B,'RD Condos'!$K:$K,$A80,'RD Condos'!$A:$A,1),"") -> 629.26056 | F80: =IFERROR(AVERAGEIFS('RD Condos'!$AB:$AB,'RD Condos'!$K:$K,$A80,'RD Condos'!$A:$A,1),"") -> 2679.912 | G80: =IFERROR(AVERAGEIFS('RD Condos'!$E:$E,'RD Condos'!$K:$K,$A80,'RD Condos'!$A:$A,1),"") -> 4.3137755
A81: Nobu Residences | B81: 15 Mercer St | C81: Built 2024 | D81: =COUNTIFS('RD Condos'!$K:$K,$A81,'RD Condos'!$A:$A,1) -> 209 | E81: =IFERROR(AVERAGEIFS('RD Condos'!$B:$B,'RD Condos'!$K:$K,$A81,'RD Condos'!$A:$A,1),"") -> 720.84211 | F81: =IFERROR(AVERAGEIFS('RD Condos'!$AB:$AB,'RD Condos'!$K:$K,$A81,'RD Condos'!$A:$A,1),"") -> 3128.6699 | G81: =IFERROR(AVERAGEIFS('RD Condos'!$E:$E,'RD Condos'!$K:$K,$A81,'RD Condos'!$A:$A,1),"") -> 4.3690416
A82: The Well | B82: 470-486 Front St W | C82: Built 2024 | D82: =COUNTIFS('RD Condos'!$K:$K,$A82,'RD Condos'!$A:$A,1) -> 56 | E82: =IFERROR(AVERAGEIFS('RD Condos'!$B:$B,'RD Condos'!$K:$K,$A82,'RD Condos'!$A:$A,1),"") -> 948.60714 | F82: =IFERROR(AVERAGEIFS('RD Condos'!$AB:$AB,'RD Condos'!$K:$K,$A82,'RD Condos'!$A:$A,1),"") -> 4351.9464 | G82: =IFERROR(AVERAGEIFS('RD Condos'!$E:$E,'RD Condos'!$K:$K,$A82,'RD Condos'!$A:$A,1),"") -> 4.4763158
A83: Ten York | B83: 10 York St | C83: Built 2019 | D83: =COUNTIFS('RD Condos'!$K:$K,$A83,'RD Condos'!$A:$A,1) -> 168 | E83: =IFERROR(AVERAGEIFS('RD Condos'!$B:$B,'RD Condos'!$K:$K,$A83,'RD Condos'!$A:$A,1),"") -> 717.40476 | F83: =IFERROR(AVERAGEIFS('RD Condos'!$AB:$AB,'RD Condos'!$K:$K,$A83,'RD Condos'!$A:$A,1),"") -> 2964.756 | G83: =IFERROR(AVERAGEIFS('RD Condos'!$E:$E,'RD Condos'!$K:$K,$A83,'RD Condos'!$A:$A,1),"") -> 4.0902089
A84: Forward Condos | B84: 70-90 Queens Wharf Rd | C84: Built 2018 | D84: =COUNTIFS('RD Condos'!$K:$K,$A84,'RD Condos'!$A:$A,1) -> 153 | E84: =IFERROR(AVERAGEIFS('RD Condos'!$B:$B,'RD Condos'!$K:$K,$A84,'RD Condos'!$A:$A,1),"") -> 643.80392 | F84: =IFERROR(AVERAGEIFS('RD Condos'!$AB:$AB,'RD Condos'!$K:$K,$A84,'RD Condos'!$A:$A,1),"") -> 2743.1699 | G84: =IFERROR(AVERAGEIFS('RD Condos'!$E:$E,'RD Condos'!$K:$K,$A84,'RD Condos'!$A:$A,1),"") -> 4.303167
A85: Quartz / Spectra | B85: 75-85 Queens Wharf Rd | C85: Built 2015 | D85: =COUNTIFS('RD Condos'!$K:$K,$A85,'RD Condos'!$A:$A,1) -> 0 | E85: =IFERROR(AVERAGEIFS('RD Condos'!$B:$B,'RD Condos'!$K:$K,$A85,'RD Condos'!$A:$A,1),"") | F85: =IFERROR(AVERAGEIFS('RD Condos'!$AB:$AB,'RD Condos'!$K:$K,$A85,'RD Condos'!$A:$A,1),"") | G85: =IFERROR(AVERAGEIFS('RD Condos'!$E:$E,'RD Condos'!$K:$K,$A85,'RD Condos'!$A:$A,1),"")
A86: Library District | B86: 170 Fort York Blvd | C86: Built 2014 | D86: =COUNTIFS('RD Condos'!$K:$K,$A86,'RD Condos'!$A:$A,1) -> 68 | E86: =IFERROR(AVERAGEIFS('RD Condos'!$B:$B,'RD Condos'!$K:$K,$A86,'RD Condos'!$A:$A,1),"") -> 541.58824 | F86: =IFERROR(AVERAGEIFS('RD Condos'!$AB:$AB,'RD Condos'!$K:$K,$A86,'RD Condos'!$A:$A,1),"") -> 2329.4853 | G86: =IFERROR(AVERAGEIFS('RD Condos'!$E:$E,'RD Condos'!$K:$K,$A86,'RD Condos'!$A:$A,1),"") -> 4.3747615
A87: N1 | N2 CityPlace | B87: 15 Fort York Blvd | C87: Built 2008 | D87: =COUNTIFS('RD Condos'!$K:$K,$A87,'RD Condos'!$A:$A,1) -> 99 | E87: =IFERROR(AVERAGEIFS('RD Condos'!$B:$B,'RD Condos'!$K:$K,$A87,'RD Condos'!$A:$A,1),"") -> 711.22222 | F87: =IFERROR(AVERAGEIFS('RD Condos'!$AB:$AB,'RD Condos'!$K:$K,$A87,'RD Condos'!$A:$A,1),"") -> 2839.4848 | G87: =IFERROR(AVERAGEIFS('RD Condos'!$E:$E,'RD Condos'!$K:$K,$A87,'RD Condos'!$A:$A,1),"") -> 4.0501137
A88: Aqua | B88: 410 Queens Quay W | C88: Built 2003 | D88: =COUNTIFS('RD Condos'!$K:$K,$A88,'RD Condos'!$A:$A,1) -> 31 | E88: =IFERROR(AVERAGEIFS('RD Condos'!$B:$B,'RD Condos'!$K:$K,$A88,'RD Condos'!$A:$A,1),"") -> 701.32258 | F88: =IFERROR(AVERAGEIFS('RD Condos'!$AB:$AB,'RD Condos'!$K:$K,$A88,'RD Condos'!$A:$A,1),"") -> 2699.3548 | G88: =IFERROR(AVERAGEIFS('RD Condos'!$E:$E,'RD Condos'!$K:$K,$A88,'RD Condos'!$A:$A,1),"") -> 3.9085518
A89: ALL COMPS | D89: =SUM(D80:D88) -> 1068 | E89: =IFERROR(AVERAGEIFS('RD Condos'!$B:$B,'RD Condos'!$A:$A,1),"") -> 683.98315 | F89: =IFERROR(AVERAGEIFS('RD Condos'!$AB:$AB,'RD Condos'!$A:$A,1),"") -> 2902.3165 | G89: =IFERROR(AVERAGEIFS('RD Condos'!$AN:$AN,'RD Condos'!$A:$A,1),"") -> 4.2641062

Sheet RD Condos
A1: Include | B1: Sq Ft. | C1: Rent | D1: Adj. Rent | E1: $/sq ft | F1: Adj. $/sq ft | G1: Adj BD | H1: Beds Number | I1: Den | J1: Date | K1: Building Name | L1: Building Address | M1: Building City | N1: Developer | O1: Unit # | P1: Unit Address | Q1: Beds | R1: Baths | S1: Sqft (Condos.ca) | T1: MLS Size Range | U1: # Parking | V1: Parking Included | W1: Locker | X1: Outdoor Space | Y1: Exposure | Z1: Building Age | AA1: Building Amenities | AB1: Leased Rent ($) | AC1: Listed Rent ($) | AD1: PSF (Calculated) | AE1: PSF (Listing) | AF1: Furnished | AG1: Hydro Included | AH1: Water Included | AI1: Lease Date | AJ1: MLS# | AK1: Listing URL | AL1: Description | AM1: Product Type | AN1: $/SF (Product-Adj) | AO1: Date Scraped
A2: =IF(AND(ISNUMBER(B2),B2>0,ISNUMBER(AB2),AB2>0,J2>=Data_Summary!$C$1),1,0) -> 1 | B2: 888 | C2: =IF(ISNUMBER(AB2),AB2,"") -> 3750 | D2: =IF(ISNUMBER(C2),C2-U2*Data_Summary!$C$2,"") -> 3600 | E2: =IFERROR(C2/B2,"") -> 4.222973 | F2: =IFERROR(D2/B2,"") -> 4.0540541 | G2: =Q2 -> 3 | H2: =IFERROR(LEFT(G2,1),"") -> 3 | I2: =IF(LEN(G2)>1,1,0) -> 0 | J2: 46191 | K2: Concord Canada House | L2: 23 Spadina Ave | M2: Toronto | N2: Concord Adex | O2: 929 | Q2: 3 | R2: 2 | S2: 888 | T2: 800-899 sqft | U2: 1 | V2: Yes | W2: Owned | X2: Balcony, Patio | Y2: NW | Z2: Built 2025 (1 yrs) | AA2: Concierge, Gym, Party Room, Outdoor Terrace | AB2: 3750 | AC2: 3950 | AD2: =IFERROR(AB2/B2,"") -> 4.222973 | AE2: =IFERROR(AC2/B2,"") -> 4.4481982 | AF2: No | AG2: No | AH2: Yes | AI2: 2026-06-18 | AJ2: C13434728 | AK2: https://condos.ca/toronto/concord-canada-house-23-spadina-ave-1-3-concord-cityplace-way/unit-929-C13434728 | AL2: condos.ca registered area 888 sqft* (source Calculated), in MLS bracket 800-899; leased 2026-06-18. | AM2: Condo | AN2: =IFERROR(E2*(1+IF(AM2="Apartment",Data_Summary!$C$3,0)),"") -> 4.222973 | AO2: 46195
A3: =IF(AND(ISNUMBER(B3),B3>0,ISNUMBER(AB3),AB3>0,J3>=Data_Summary!$C$1),1,0) -> 1 | B3: 505 | C3: =IF(ISNUMBER(AB3),AB3,"") -> 2300 | D3: =IF(ISNUMBER(C3),C3-U3*Data_Summary!$C$2,"") -> 2300 | E3: =IFERROR(C3/B3,"") -> 4.5544554 | F3: =IFERROR(D3/B3,"") -> 4.5544554 | G3: =Q3 -> 1 | H3: =IFERROR(LEFT(G3,1),"") -> 1 | I3: =IF(LEN(G3)>1,1,0) -> 0 | J3: 46190 | K3: Concord Canada House | L3: 23 Spadina Ave | M3: Toronto | N3: Concord Adex | O3: 4302 | Q3: 1 | R3: 1 | S3: 505 | T3: 500-599 sqft | U3: 0 | V3: Yes | W3: None | X3: Balcony, Patio | Y3: W | Z3: Built 2025 (1 yrs) | AA3: Concierge, Gym, Party Room, Outdoor Terrace | AB3: 2300 | AC3: 2300 | AD3: =IFERROR(AB3/B3,"") -> 4.5544554 | AE3: =IFERROR(AC3/B3,"") -> 4.5544554 | AF3: No | AG3: No | AH3: Yes | AI3: 2026-06-17 | AJ3: C13423108 | AK3: https://condos.ca/toronto/concord-canada-house-23-spadina-ave-1-3-concord-cityplace-way/unit-4302-C13423108 | AL3: condos.ca registered area 505 sqft* (source Calculated), in MLS bracket 500-599; leased 2026-06-17. | AM3: Condo | AN3: =IFERROR(E3*(1+IF(AM3="Apartment",Data_Summary!$C$3,0)),"") -> 4.5544554 | AO3: 46195
A4: =IF(AND(ISNUMBER(B4),B4>0,ISNUMBER(AB4),AB4>0,J4>=Data_Summary!$C$1),1,0) -> 1 | B4: 722 | C4: =IF(ISNUMBER(AB4),AB4,"") -> 3000 | D4: =IF(ISNUMBER(C4),C4-U4*Data_Summary!$C$2,"") -> 3000 | E4: =IFERROR(C4/B4,"") -> 4.1551247 | F4: =IFERROR(D4/B4,"") -> 4.1551247 | G4: =Q4 -> 2 | H4: =IFERROR(LEFT(G4,1),"") -> 2 | I4: =IF(LEN(G4)>1,1,0) -> 0 | J4: 46185 | K4: Concord Canada House | L4: 23 Spadina Ave | M4: Toronto | N4: Concord Adex | O4: 633 | Q4: 2 | R4: 2 | S4: 722 | T4: 700-799 sqft | U4: 0 | V4: Yes | W4: None | X4: Balcony, Patio | Y4: N | Z4: Built 2025 (1 yrs) | AA4: Concierge, Gym, Party Room, Outdoor Terrace | AB4: 3000 | AC4: 3000 | AD4: =IFERROR(AB4/B4,"") -> 4.1551247 | AE4: =IFERROR(AC4/B4,"") -> 4.1551247 | AF4: No | AG4: No | AH4: Yes | AI4: 2026-06-12 | AJ4: C13418138 | AK4: https://condos.ca/toronto/concord-canada-house-23-spadina-ave-1-3-concord-cityplace-way/unit-633-C13418138 | AL4: condos.ca registered area 722 sqft* (source Calculated), in MLS bracket 700-799; leased 2026-06-12. | AM4: Condo | AN4: =IFERROR(E4*(1+IF(AM4="Apartment",Data_Summary!$C$3,0)),"") -> 4.1551247 | AO4: 46195
A5: =IF(AND(ISNUMBER(B5),B5>0,ISNUMBER(AB5),AB5>0,J5>=Data_Summary!$C$1),1,0) -> 1 | B5: 908 | C5: =IF(ISNUMBER(AB5),AB5,"") -> 4300 | D5: =IF(ISNUMBER(C5),C5-U5*Data_Summary!$C$2,"") -> 4150 | E5: =IFERROR(C5/B5,"") -> 4.7356828 | F5: =IFERROR(D5/B5,"") -> 4.5704846 | G5: =Q5 -> 3 | H5: =IFERROR(LEFT(G5,1),"") -> 3 | I5: =IF(LEN(G5)>1,1,0) -> 0 | J5: 46185 | K5: Concord Canada House | L5: 23 Spadina Ave | M5: Toronto | N5: Concord Adex | O5: 2505 | Q5: 3 | R5: 2 | S5: 908 | T5: 900-999 sqft | U5: 1 | V5: Yes | W5: None | X5: Balcony, Patio | Y5: SE | Z5: Built 2025 (1 yrs) | AA5: Concierge, Gym, Party Room, Outdoor Terrace | AB5: 4300 | AC5: 4300 | AD5: =IFERROR(AB5/B5,"") -> 4.7356828 | AE5: =IFERROR(AC5/B5,"") -> 4.7356828 | AF5: No | AG5: No | AH5: Yes | AI5: 2026-06-12 | AJ5: C13234234 | AK5: https://condos.ca/toronto/concord-canada-house-23-spadina-ave-1-3-concord-cityplace-way/unit-2505-C13234234 | AL5: condos.ca registered area 908 sqft* (source Calculated), in MLS bracket 900-999; leased 2026-06-12. | AM5: Condo | AN5: =IFERROR(E5*(1+IF(AM5="Apartment",Data_Summary!$C$3,0)),"") -> 4.7356828 | AO5: 46195
A6: =IF(AND(ISNUMBER(B6),B6>0,ISNUMBER(AB6),AB6>0,J6>=Data_Summary!$C$1),1,0) -> 1 | B6: 1050 | C6: =IF(ISNUMBER(AB6),AB6,"") -> 4500 | D6: =IF(ISNUMBER(C6),C6-U6*Data_Summary!$C$2,"") -> 4350 | E6: =IFERROR(C6/B6,"") -> 4.2857143 | F6: =IFERROR(D6/B6,"") -> 4.1428571 | G6: =Q6 -> 2 | H6: =IFERROR(LEFT(G6,1),"") -> 2 | I6: =IF(LEN(G6)>1,1,0) -> 0 | J6: 46185 | K6: Concord Canada House | L6: 23 Spadina Ave | M6: Toronto | N6: Concord Adex | O6: 6201 | Q6: 2 | R6: 3 | S6: 1050 | T6: 1000-1199 sqft | U6: 1 | V6: Yes | W6: None | X6: Balcony, Patio | Y6: W | Z6: Built 2025 (1 yrs) | AA6: Concierge, Gym, Party Room, Outdoor Terrace | AB6: 4500 | AC6: 4900 | AD6: =IFERROR(AB6/B6,"") -> 4.2857143 | AE6: =IFERROR(AC6/B6,"") -> 4.6666667 | AF6: No | AG6: No | AH6: Yes | AI6: 2026-06-12 | AJ6: C12939248 | AK6: https://condos.ca/toronto/concord-canada-house-23-spadina-ave-1-3-concord-cityplace-way/unit-6201-C12939248 | AL6: condos.ca registered area 1050 sqft* (source Calculated), in MLS bracket 1000-1199; leased 2026-06-12. | AM6: Condo | AN6: =IFERROR(E6*(1+IF(AM6="Apartment",Data_Summary!$C$3,0)),"") -> 4.2857143 | AO6: 46195
A7: =IF(AND(ISNUMBER(B7),B7>0,ISNUMBER(AB7),AB7>0,J7>=Data_Summary!$C$1),1,0) -> 1 | B7: 650 | C7: =IF(ISNUMBER(AB7),AB7,"") -> 2750 | D7: =IF(ISNUMBER(C7),C7-U7*Data_Summary!$C$2,"") -> 2750 | E7: =IFERROR(C7/B7,"") -> 4.2307692 | F7: =IFERROR(D7/B7,"") -> 4.2307692 | G7: =Q7 -> 1+1 | H7: =IFERROR(LEFT(G7,1),"") -> 1 | I7: =IF(LEN(G7)>1,1,0) -> 1 | J7: 46183 | K7: Concord Canada House | L7: 23 Spadina Ave | M7: Toronto | N7: Concord Adex | O7: 2106 | Q7: 1+1 | R7: 2 | S7: 650 | T7: 600-699 sqft | U7: 0 | V7: Yes | W7: None | X7: Balcony, Patio | Y7: E | Z7: Built 2025 (1 yrs) | AA7: Concierge, Gym, Party Room, Outdoor Terrace | AB7: 2750 | AC7: 2850 | AD7: =IFERROR(AB7/B7,"") -> 4.2307692 | AE7: =IFERROR(AC7/B7,"") -> 4.3846154 | AF7: No | AG7: No | AH7: No | AI7: 2026-06-10 | AJ7: C13217872 | AK7: https://condos.ca/toronto/concord-canada-house-23-spadina-ave-1-3-concord-cityplace-way/unit-2106-C13217872 | AL7: condos.ca registered area 650 sqft* (source Calculated), in MLS bracket 600-699; leased 2026-06-10. | AM7: Condo | AN7: =IFERROR(E7*(1+IF(AM7="Apartment",Data_Summary!$C$3,0)),"") -> 4.2307692 | AO7: 46195
A8: =IF(AND(ISNUMBER(B8),B8>0,ISNUMBER(AB8),AB8>0,J8>=Data_Summary!$C$1),1,0) -> 1 | B8: 736 | C8: =IF(ISNUMBER(AB8),AB8,"") -> 3050 | D8: =IF(ISNUMBER(C8),C8-U8*Data_Summary!$C$2,"") -> 3050 | E8: =IFERROR(C8/B8,"") -> 4.1440217 | F8: =IFERROR(D8/B8,"") -> 4.1440217 | G8: =Q8 -> 2 | H8: =IFERROR(LEFT(G8,1),"") -> 2 | I8: =IF(LEN(G8)>1,1,0) -> 0 | J8: 46182 | K8: Concord Canada House | L8: 23 Spadina Ave | M8: Toronto | N8: Concord Adex | O8: 312 | Q8: 2 | R8: 2 | S8: 736 | T8: 700-799 sqft | U8: 0 | V8: Yes | W8: None | X8: Balcony, Patio | Y8: S | Z8: Built 2025 (1 yrs) | AA8: Concierge, Gym, Party Room, Outdoor Terrace | AB8: 3050 | AC8: 3150 | AD8: =IFERROR(AB8/B8,"") -> 4.1440217 | AE8: =IFERROR(AC8/B8,"") -> 4.2798913 | AF8: No | AG8: No | AH8: Yes | AI8: 2026-06-09 | AJ8: C13157296 | AK8: https://condos.ca/toronto/concord-canada-house-23-spadina-ave-1-3-concord-cityplace-way/unit-312-C13157296 | AL8: condos.ca registered area 736 sqft* (source Calculated), in MLS bracket 700-799; leased 2026-06-09. | AM8: Condo | AN8: =IFERROR(E8*(1+IF(AM8="Apartment",Data_Summary!$C$3,0)),"") -> 4.1440217 | AO8: 46195
A9: =IF(AND(ISNUMBER(B9),B9>0,ISNUMBER(AB9),AB9>0,J9>=Data_Summary!$C$1),1,0) -> 1 | B9: 540 | C9: =IF(ISNUMBER(AB9),AB9,"") -> 4000 | D9: =IF(ISNUMBER(C9),C9-U9*Data_Summary!$C$2,"") -> 4000 | E9: =IFERROR(C9/B9,"") -> 7.4074074 | F9: =IFERROR(D9/B9,"") -> 7.4074074 | G9: =Q9 -> 1 | H9: =IFERROR(LEFT(G9,1),"") -> 1 | I9: =IF(LEN(G9)>1,1,0) -> 0 | J9: 46182 | K9: Concord Canada House | L9: 23 Spadina Ave | M9: Toronto | N9: Concord Adex | O9: 3308 | Q9: 1 | R9: 1 | S9: 540 | T9: 500-599 sqft | U9: 0 | V9: Yes | W9: None | X9: Balcony, Patio | Y9: S | Z9: Built 2025 (1 yrs) | AA9: Concierge, Gym, Party Room, Outdoor Terrace | AB9: 4000 | AC9: 3800 | AD9: =IFERROR(AB9/B9,"") -> 7.4074074 | AE9: =IFERROR(AC9/B9,"") -> 7.037037 | AF9: Yes | AG9: No | AH9: Yes | AI9: 2026-06-09 | AJ9: C13075812 | AK9: https://condos.ca/toronto/concord-canada-house-23-spadina-ave-1-3-concord-cityplace-way/unit-3308-C13075812 | AL9: condos.ca area 540 sqft*; furnished/short-term lease; leased 2026-06-09. | AM9: Condo | AN9: =IFERROR(E9*(1+IF(AM9="Apartment",Data_Summary!$C$3,0)),"") -> 7.4074074 | AO9: 46195
A10: =IF(AND(ISNUMBER(B10),B10>0,ISNUMBER(AB10),AB10>0,J10>=Data_Summary!$C$1),1,0) -> 1 | B10: 600 | C10: =IF(ISNUMBER(AB10),AB10,"") -> 2800 | D10: =IF(ISNUMBER(C10),C10-U10*Data_Summary!$C$2,"") -> 2800 | E10: =IFERROR(C10/B10,"") -> 4.6666667 | F10: =IFERROR(D10/B10,"") -> 4.6666667 | G10: =Q10 -> 1+1 | H10: =IFERROR(LEFT(G10,1),"") -> 1 | I10: =IF(LEN(G10)>1,1,0) -> 1 | J10: 46182 | K10: Concord Canada House | L10: 23 Spadina Ave | M10: Toronto | N10: Concord Adex | O10: 2608 | Q10: 1+1 | R10: 1 | S10: 600 | T10: 600-699 sqft | U10: 0 | V10: Yes | W10: None | X10: Balcony, Patio | Y10: E | Z10: Built 2025 (1 yrs) | AA10: Concierge, Gym, Party Room, Outdoor Terrace | AB10: 2800 | AC10: 2850 | AD10: =IFERROR(AB10/B10,"") -> 4.6666667 | AE10: =IFERROR(AC10/B10,"") -> 4.75 | AF10: Yes | AG10: No | AH10: Yes | AI10: 2026-06-09 | AJ10: C12874476 | AK10: https://condos.ca/toronto/concord-canada-house-23-spadina-ave-1-3-concord-cityplace-way/unit-2608-C12874476 | AL10: condos.ca area 600 sqft*; furnished/short-term lease; leased 2026-06-09. | AM10: Condo | AN10: =IFERROR(E10*(1+IF(AM10="Apartment",Data_Summary!$C$3,0)),"") -> 4.6666667 | AO10: 46195
A11: =IF(AND(ISNUMBER(B11),B11>0,ISNUMBER(AB11),AB11>0,J11>=Data_Summary!$C$1),1,0) -> 1 | B11: 718 | C11: =IF(ISNUMBER(AB11),AB11,"") -> 3500 | D11: =IF(ISNUMBER(C11),C11-U11*Data_Summary!$C$2,"") -> 3350 | E11: =IFERROR(C11/B11,"") -> 4.8746518 | F11: =IFERROR(D11/B11,"") -> 4.6657382 | G11: =Q11 -> 2 | H11: =IFERROR(LEFT(G11,1),"") -> 2 | I11: =IF(LEN(G11)>1,1,0) -> 0 | J11: 46181 | K11: Concord Canada House | L11: 23 Spadina Ave | M11: Toronto | N11: Concord Adex | O11: 5611 | Q11: 2 | R11: 2 | S11: 718 | T11: 700-799 sqft | U11: 1 | V11: Yes | W11: Owned | X11: Balcony, Patio | Y11: NW | Z11: Built 2025 (1 yrs) | AA11: Concierge, Gym, Party Room, Outdoor Terrace | AB11: 3500 | AC11: 3400 | AD11: =IFERROR(AB11/B11,"") -> 4.8746518 | AE11: =IFERROR(AC11/B11,"") -> 4.735376 | AF11: No | AG11: No | AH11: Yes | AI11: 2026-06-08 | AJ11: C13238978 | AK11: https://condos.ca/toronto/concord-canada-house-23-spadina-ave-1-3-concord-cityplace-way/unit-5611-C13238978 | AL11: condos.ca registered area 718 sqft* (source Calculated), in MLS bracket 700-799; leased 2026-06-08. | AM11: Condo | AN11: =IFERROR(E11*(1+IF(AM11="Apartment",Data_Summary!$C$3,0)),"") -> 4.8746518 | AO11: 46195
A12: =IF(AND(ISNUMBER(B12),B12>0,ISNUMBER(AB12),AB12>0,J12>=Data_Summary!$C$1),1,0) -> 1 | B12: 578 | C12: =IF(ISNUMBER(AB12),AB12,"") -> 2500 | D12: =IF(ISNUMBER(C12),C12-U12*Data_Summary!$C$2,"") -> 2500 | E12: =IFERROR(C12/B12,"") -> 4.3252595 | F12: =IFERROR(D12/B12,"") -> 4.3252595 | G12: =Q12 -> 1 | H12: =IFERROR(LEFT(G12,1),"") -> 1 | I12: =IF(LEN(G12)>1,1,0) -> 0 | J12: 46178 | K12: Concord Canada House | L12: 23 Spadina Ave | M12: Toronto | N12: Concord Adex | O12: 1907 | Q12: 1 | R12: 1 | S12: 578 | T12: 700-799 sqft | U12: 0 | V12: Yes | W12: None | X12: Balcony, Patio | Y12: SW | Z12: Built 2025 (1 yrs) | AA12: Concierge, Gym, Party Room, Outdoor Terrace | AB12: 2500 | AC12: 2500 | AD12: =IFERROR(AB12/B12,"") -> 4.3252595 | AE12: =IFERROR(AC12/B12,"") -> 4.3252595 | AF12: No | AG12: No | AH12: No | AI12: 2026-06-05 | AJ12: C13219416 | AK12: https://condos.ca/toronto/concord-canada-house-23-spadina-ave-1-3-concord-cityplace-way/unit-1907-C13219416 | AL12: condos.ca area 578 sqft*; calc SF 578 outside MLS bracket 700-799 — flagged; leased 2026-06-05. | AM12: Condo | AN12: =IFERROR(E12*(1+IF(AM12="Apartment",Data_Summary!$C$3,0)),"") -> 4.3252595 | AO12: 46195
A13: =IF(AND(ISNUMBER(B13),B13>0,ISNUMBER(AB13),AB13>0,J13>=Data_Summary!$C$1),1,0) -> 1 | B13: 485 | C13: =IF(ISNUMBER(AB13),AB13,"") -> 2300 | D13: =IF(ISNUMBER(C13),C13-U13*Data_Summary!$C$2,"") -> 2300 | E13: =IFERROR(C13/B13,"") -> 4.742268 | F13: =IFERROR(D13/B13,"") -> 4.742268 | G13: =Q13 -> 1 | H13: =IFERROR(LEFT(G13,1),"") -> 1 | I13: =IF(LEN(G13)>1,1,0) -> 0 | J13: 46178 | K13: Concord Canada House | L13: 23 Spadina Ave | M13: Toronto | N13: Concord Adex | O13: 1715 | Q13: 1 | R13: 1 | S13: 485 | T13: 0-499 sqft | U13: 0 | V13: Yes | W13: Owned | X13: Balcony, Patio | Y13: N | Z13: Built 2025 (1 yrs) | AA13: Concierge, Gym, Party Room, Outdoor Terrace | AB13: 2300 | AC13: 2250 | AD13: =IFERROR(AB13/B13,"") -> 4.742268 | AE13: =IFERROR(AC13/B13,"") -> 4.6391753 | AF13: No | AG13: No | AH13: No | AI13: 2026-06-05 | AJ13: C13186274 | AK13: https://condos.ca/toronto/concord-canada-house-23-spadina-ave-1-3-concord-cityplace-way/unit-1715-C13186274 | AL13: condos.ca registered area 485 sqft* (source Calculated), in MLS bracket 0-499; leased 2026-06-05. | AM13: Condo | AN13: =IFERROR(E13*(1+IF(AM13="Apartment",Data_Summary!$C$3,0)),"") -> 4.742268 | AO13: 46195
... A285: =IF(AND(ISNUMBER(B285),B285>0,ISNUMBER(AB285),AB285>0,J285>=Data_Summary!$C$1),1,0) -> 1 | B285: 535 | C285: =IF(ISNUMBER(AB285),AB285,"") -> 2500 | D285: =IF(ISNUMBER(C285),C285-U285*Data_Summary!$C$2,"") -> 2500 | E285: =IFERROR(C285/B285,"") -> 4.6728972 | F285: =IFERROR(D285/B285,"") -> 4.6728972 | G285: =Q285 -> 1+1 | H285: =IFERROR(LEFT(G285,1),"") -> 1 | I285: =IF(LEN(G285)>1,1,0) -> 1 | J285: 45794 | K285: Concord Canada House | L285: 23 Spadina Ave | M285: Toronto | N285: Concord Adex | O285: 2009 | Q285: 1+1 | R285: 2 | S285: 535 | T285: 600-699 sqft | U285: 0 | V285: Yes | W285: None | X285: Balcony, Patio | Y285: S | Z285: Built 2025 (1 yrs) | AA285: Concierge, Gym, Party Room, Outdoor Terrace | AB285: 2500 | AC285: 2500 | AD285: =IFERROR(AB285/B285,"") -> 4.6728972 | AE285: =IFERROR(AC285/B285,"") -> 4.6728972 | AF285: No | AG285: No | AH285: Yes | AI285: 2025-05-17 | AJ285: C12156057 | AK285: https://condos.ca/toronto/concord-canada-house-23-spadina-ave-1-3-concord-cityplace-way/unit-2009-C12156057 | AL285: condos.ca area 535 sqft*; calc SF 535 outside MLS bracket 600-699 — flagged; leased 2025-05-17. | AM285: Condo | AN285: =IFERROR(E285*(1+IF(AM285="Apartment",Data_Summary!$C$3,0)),"") -> 4.6728972 | AO285: 46195
A286: =IF(AND(ISNUMBER(B286),B286>0,ISNUMBER(AB286),AB286>0,J286>=Data_Summary!$C$1),1,0) -> 1 | B286: 594 | C286: =IF(ISNUMBER(AB286),AB286,"") -> 2350 | D286: =IF(ISNUMBER(C286),C286-U286*Data_Summary!$C$2,"") -> 2350 | E286: =IFERROR(C286/B286,"") -> 3.956229 | F286: =IFERROR(D286/B286,"") -> 3.956229 | G286: =Q286 -> 1+1 | H286: =IFERROR(LEFT(G286,1),"") -> 1 | I286: =IF(LEN(G286)>1,1,0) -> 1 | J286: 46189 | K286: Nobu Residences | L286: 15 Mercer St | M286: Toronto | N286: Madison Group | O286: 405 | Q286: 1+1 | R286: 2 | S286: 594 | T286: 500-599 sqft | U286: 0 | V286: Yes | W286: None | Y286: S | Z286: Built 2024 (2 yrs) | AA286: Concierge, Gym, Party Room, Outdoor Terrace | AB286: 2350 | AC286: 2395 | AD286: =IFERROR(AB286/B286,"") -> 3.956229 | AE286: =IFERROR(AC286/B286,"") -> 4.0319865 | AF286: No | AG286: No | AH286: No | AI286: 2026-06-16 | AJ286: C13092264 | AK286: https://condos.ca/toronto/nobu-residences-15-mercer-st-35-mercer-st/unit-405-C13092264 | AL286: condos.ca registered area 594 sqft* (source Calculated), in MLS bracket 500-599; leased 2026-06-16. | AM286: Condo | AN286: =IFERROR(E286*(1+IF(AM286="Apartment",Data_Summary!$C$3,0)),"") -> 3.956229 | AO286: 46195
A287: =IF(AND(ISNUMBER(B287),B287>0,ISNUMBER(AB287),AB287>0,J287>=Data_Summary!$C$1),1,0) -> 1 | B287: 929 | C287: =IF(ISNUMBER(AB287),AB287,"") -> 3990 | D287: =IF(ISNUMBER(C287),C287-U287*Data_Summary!$C$2,"") -> 3840 | E287: =IFERROR(C287/B287,"") -> 4.2949408 | F287: =IFERROR(D287/B287,"") -> 4.1334769 | G287: =Q287 -> 3+1 | H287: =IFERROR(LEFT(G287,1),"") -> 3 | I287: =IF(LEN(G287)>1,1,0) -> 1 | J287: 46188 | K287: Nobu Residences | L287: 15 Mercer St | M287: Toronto | N287: Madison Group | O287: 2504 | Q287: 3+1 | R287: 2 | S287: 929 | T287: 900-999 sqft | U287: 1 | V287: Yes | W287: None | X287: Balcony, Patio | Y287: NE | Z287: Built 2024 (2 yrs) | AA287: Concierge, Gym, Party Room, Outdoor Terrace | AB287: 3990 | AC287: 3990 | AD287: =IFERROR(AB287/B287,"") -> 4.2949408 | AE287: =IFERROR(AC287/B287,"") -> 4.2949408 | AF287: No | AG287: No | AH287: No | AI287: 2026-06-15 | AJ287: C12881654 | AK287: https://condos.ca/toronto/nobu-residences-15-mercer-st-35-mercer-st/unit-2504-C12881654 | AL287: condos.ca registered area 929 sqft* (source Calculated), in MLS bracket 900-999; leased 2026-06-15. | AM287: Condo | AN287: =IFERROR(E287*(1+IF(AM287="Apartment",Data_Summary!$C$3,0)),"") -> 4.2949408 | AO287: 46195
A288: =IF(AND(ISNUMBER(B288),B288>0,ISNUMBER(AB288),AB288>0,J288>=Data_Summary!$C$1),1,0) -> 1 | B288: 649 | C288: =IF(ISNUMBER(AB288),AB288,"") -> 2950 | D288: =IF(ISNUMBER(C288),C288-U288*Data_Summary!$C$2,"") -> 2950 | E288: =IFERROR(C288/B288,"") -> 4.5454545 | F288: =IFERROR(D288/B288,"") -> 4.5454545 | G288: =Q288 -> 2 | H288: =IFERROR(LEFT(G288,1),"") -> 2 | I288: =IF(LEN(G288)>1,1,0) -> 0 | J288: 46186 | K288: Nobu Residences | L288: 15 Mercer St | M288: Toronto | N288: Madison Group | O288: 818 | Q288: 2 | R288: 2 | S288: 649 | T288: 600-699 sqft | U288: 0 | V288: Yes | W288: None | Y288: N | Z288: Built 2024 (2 yrs) | AA288: Concierge, Gym, Party Room, Outdoor Terrace | AB288: 2950 | AC288: 2950 | AD288: =IFERROR(AB288/B288,"") -> 4.5454545 | AE288: =IFERROR(AC288/B288,"") -> 4.5454545 | AF288: No | AG288: No | AH288: No | AI288: 2026-06-13 | AJ288: C13117738 | AK288: https://condos.ca/toronto/nobu-residences-15-mercer-st-35-mercer-st/unit-818-C13117738 | AL288: condos.ca registered area 649 sqft* (source Calculated), in MLS bracket 600-699; leased 2026-06-13. | AM288: Condo | AN288: =IFERROR(E288*(1+IF(AM288="Apartment",Data_Summary!$C$3,0)),"") -> 4.5454545 | AO288: 46195
A289: =IF(AND(ISNUMBER(B289),B289>0,ISNUMBER(AB289),AB289>0,J289>=Data_Summary!$C$1),1,0) -> 1 | B289: 799 | C289: =IF(ISNUMBER(AB289),AB289,"") -> 3395 | D289: =IF(ISNUMBER(C289),C289-U289*Data_Summary!$C$2,"") -> 3395 | E289: =IFERROR(C289/B289,"") -> 4.2490613 | F289: =IFERROR(D289/B289,"") -> 4.2490613 | G289: =Q289 -> 2 | H289: =IFERROR(LEFT(G289,1),"") -> 2 | I289: =IF(LEN(G289)>1,1,0) -> 0 | J289: 46181 | K289: Nobu Residences | L289: 15 Mercer St | M289: Toronto | N289: Madison Group | O289: 3910 | Q289: 2 | R289: 2 | S289: 799 | T289: 700-799 sqft | U289: 0 | V289: Yes | W289: None | X289: Balcony, Patio | Y289: NW | Z289: Built 2024 (2 yrs) | AA289: Concierge, Gym, Party Room, Outdoor Terrace | AB289: 3395 | AC289: 3395 | AD289: =IFERROR(AB289/B289,"") -> 4.2490613 | AE289: =IFERROR(AC289/B289,"") -> 4.2490613 | AF289: No | AG289: No | AH289: No | AI289: 2026-06-08 | AJ289: C13222970 | AK289: https://condos.ca/toronto/nobu-residences-15-mercer-st-35-mercer-st/unit-3910-C13222970 | AL289: condos.ca registered area 799 sqft* (source Calculated), in MLS bracket 700-799; leased 2026-06-08. | AM289: Condo | AN289: =IFERROR(E289*(1+IF(AM289="Apartment",Data_Summary!$C$3,0)),"") -> 4.2490613 | AO289: 46195
A290: =IF(AND(ISNUMBER(B290),B290>0,ISNUMBER(AB290),AB290>0,J290>=Data_Summary!$C$1),1,0) -> 1 | B290: 416 | C290: =IF(ISNUMBER(AB290),AB290,"") -> 2150 | D290: =IF(ISNUMBER(C290),C290-U290*Data_Summary!$C$2,"") -> 2150 | E290: =IFERROR(C290/B290,"") -> 5.1682692 | F290: =IFERROR(D290/B290,"") -> 5.1682692 | G290: =Q290 -> 1 | H290: =IFERROR(LEFT(G290,1),"") -> 1 | I290: =IF(LEN(G290)>1,1,0) -> 0 | J290: 46180 | K290: Nobu Residences | L290: 15 Mercer St | M290: Toronto | N290: Madison Group | O290: 1103 | Q290: 1 | R290: 1 | S290: 416 | T290: 0-499 sqft | U290: 0 | V290: Yes | W290: None | Y290: W | Z290: Built 2024 (2 yrs) | AA290: Concierge, Gym, Party Room, Outdoor Terrace | AB290: 2150 | AC290: 2150 | AD290: =IFERROR(AB290/B290,"") -> 5.1682692 | AE290: =IFERROR(AC290/B290,"") -> 5.1682692 | AF290: No | AG290: No | AH290: No | AI290: 2026-06-07 | AJ290: C13049560 | AK290: https://condos.ca/toronto/nobu-residences-15-mercer-st-35-mercer-st/unit-1103-C13049560 | AL290: condos.ca registered area 416 sqft* (source Calculated), in MLS bracket 0-499; leased 2026-06-07. | AM290: Condo | AN290: =IFERROR(E290*(1+IF(AM290="Apartment",Data_Summary!$C$3,0)),"") -> 5.1682692 | AO290: 46195
A291: =IF(AND(ISNUMBER(B291),B291>0,ISNUMBER(AB291),AB291>0,J291>=Data_Summary!$C$1),1,0) -> 1 | B291: 799 | C291: =IF(ISNUMBER(AB291),AB291,"") -> 3300 | D291: =IF(ISNUMBER(C291),C291-U291*Data_Summary!$C$2,"") -> 3300 | E291: =IFERROR(C291/B291,"") -> 4.1301627 | F291: =IFERROR(D291/B291,"") -> 4.1301627 | G291: =Q291 -> 2+1 | H291: =IFERROR(LEFT(G291,1),"") -> 2 | I291: =IF(LEN(G291)>1,1,0) -> 1 | J291: 46178 | K291: Nobu Residences | L291: 15 Mercer St | M291: Toronto | N291: Madison Group | O291: 1706 | Q291: 2+1 | R291: 2 | S291: 799 | T291: 700-799 sqft | U291: 0 | V291: Yes | W291: None | X291: Balcony, Patio | Y291: NE | Z291: Built 2024 (2 yrs) | AA291: Concierge, Gym, Party Room, Outdoor Terrace | AB291: 3300 | AC291: 3550 | AD291: =IFERROR(AB291/B291,"") -> 4.1301627 | AE291: =IFERROR(AC291/B291,"") -> 4.4430538 | AF291: No | AG291: No | AH291: No | AI291: 2026-06-05 | AJ291: C13106892 | AK291: https://condos.ca/toronto/nobu-residences-15-mercer-st-35-mercer-st/unit-1706-C13106892 | AL291: condos.ca registered area 799 sqft* (source Calculated), in MLS bracket 700-799; leased 2026-06-05. | AM291: Condo | AN291: =IFERROR(E291*(1+IF(AM291="Apartment",Data_Summary!$C$3,0)),"") -> 4.1301627 | AO291: 46195
A292: =IF(AND(ISNUMBER(B292),B292>0,ISNUMBER(AB292),AB292>0,J292>=Data_Summary!$C$1),1,0) -> 1 | B292: 625 | C292: =IF(ISNUMBER(AB292),AB292,"") -> 2625 | D292: =IF(ISNUMBER(C292),C292-U292*Data_Summary!$C$2,"") -> 2625 | E292: =IFERROR(C292/B292,"") -> 4.2 | F292: =IFERROR(D292/B292,"") -> 4.2 | G292: =Q292 -> 2 | H292: =IFERROR(LEFT(G292,1),"") -> 2 | I292: =IF(LEN(G292)>1,1,0) -> 0 | J292: 46177 | K292: Nobu Residences | L292: 15 Mercer St | M292: Toronto | N292: Madison Group | O292: 702 | Q292: 2 | R292: 2 | S292: 625 | T292: 700-799 sqft | U292: 0 | V292: Yes | W292: None | Y292: S | Z292: Built 2024 (2 yrs) | AA292: Concierge, Gym, Party Room, Outdoor Terrace | AB292: 2625 | AC292: 2625 | AD292: =IFERROR(AB292/B292,"") -> 4.2 | AE292: =IFERROR(AC292/B292,"") -> 4.2 | AF292: No | AG292: No | AH292: No | AI292: 2026-06-04 | AJ292: C13149188 | AK292: https://condos.ca/toronto/nobu-residences-15-mercer-st-35-mercer-st/unit-702-C13149188 | AL292: condos.ca area 625 sqft*; calc SF 625 outside MLS bracket 700-799 — flagged; leased 2026-06-04. | AM292: Condo | AN292: =IFERROR(E292*(1+IF(AM292="Apartment",Data_Summary!$C$3,0)),"") -> 4.2 | AO292: 46195
A293: =IF(AND(ISNUMBER(B293),B293>0,ISNUMBER(AB293),AB293>0,J293>=Data_Summary!$C$1),1,0) -> 1 | B293: 427 | C293: =IF(ISNUMBER(AB293),AB293,"") -> 2200 | D293: =IF(ISNUMBER(C293),C293-U293*Data_Summary!$C$2,"") -> 2200 | E293: =IFERROR(C293/B293,"") -> 5.1522248 | F293: =IFERROR(D293/B293,"") -> 5.1522248 | G293: =Q293 -> 1 | H293: =IFERROR(LEFT(G293,1),"") -> 1 | I293: =IF(LEN(G293)>1,1,0) -> 0 | J293: 46177 | K293: Nobu Residences | L293: 15 Mercer St | M293: Toronto | N293: Madison Group | O293: 1603 | Q293: 1 | R293: 1 | S293: 427 | T293: 0-499 sqft | U293: 0 | V293: Yes | W293: None | Y293: W | Z293: Built 2024 (2 yrs) | AA293: Concierge, Gym, Party Room, Outdoor Terrace | AB293: 2200 | AC293: 2200 | AD293: =IFERROR(AB293/B293,"") -> 5.1522248 | AE293: =IFERROR(AC293/B293,"") -> 5.1522248 | AF293: No | AG293: No | AH293: No | AI293: 2026-06-04 | AJ293: C13110904 | AK293: https://condos.ca/toronto/nobu-residences-15-mercer-st-35-mercer-st/unit-1603-C13110904 | AL293: condos.ca area 427 sqft*; size 'Known'/stated (not registered area); leased 2026-06-04. | AM293: Condo | AN293: =IFERROR(E293*(1+IF(AM293="Apartment",Data_Summary!$C$3,0)),"") -> 5.1522248 | AO293: 46195
A294: =IF(AND(ISNUMBER(B294),B294>0,ISNUMBER(AB294),AB294>0,J294>=Data_Summary!$C$1),1,0) -> 1 | B294: 667 | C294: =IF(ISNUMBER(AB294),AB294,"") -> 3000 | D294: =IF(ISNUMBER(C294),C294-U294*Data_Summary!$C$2,"") -> 3000 | E294: =IFERROR(C294/B294,"") -> 4.4977511 | F294: =IFERROR(D294/B294,"") -> 4.4977511 | G294: =Q294 -> 2 | H294: =IFERROR(LEFT(G294,1),"") -> 2 | I294: =IF(LEN(G294)>1,1,0) -> 0 | J294: 46172 | K294: Nobu Residences | L294: 15 Mercer St | M294: Toronto | N294: Madison Group | O294: 2316 | Q294: 2 | R294: 2 | S294: 667 | T294: 600-699 sqft | U294: 0 | V294: Yes | W294: None | Y294: S | Z294: Built 2024 (2 yrs) | AA294: Concierge, Gym, Party Room, Outdoor Terrace | AB294: 3000 | AC294: 3000 | AD294: =IFERROR(AB294/B294,"") -> 4.4977511 | AE294: =IFERROR(AC294/B294,"") -> 4.4977511 | AF294: No | AG294: No | AH294: No | AI294: 2026-05-30 | AJ294: C13209116 | AK294: https://condos.ca/toronto/nobu-residences-15-mercer-st-35-mercer-st/unit-2316-C13209116 | AL294: condos.ca registered area 667 sqft* (source Calculated), in MLS bracket 600-699; leased 2026-05-30. | AM294: Condo | AN294: =IFERROR(E294*(1+IF(AM294="Apartment",Data_Summary!$C$3,0)),"") -> 4.4977511 | AO294: 46195
A295: =IF(AND(ISNUMBER(B295),B295>0,ISNUMBER(AB295),AB295>0,J295>=Data_Summary!$C$1),1,0) -> 1 | B295: 814 | C295: =IF(ISNUMBER(AB295),AB295,"") -> 3000 | D295: =IF(ISNUMBER(C295),C295-U295*Data_Summary!$C$2,"") -> 3000 | E295: =IFERROR(C295/B295,"") -> 3.6855037 | F295: =IFERROR(D295/B295,"") -> 3.6855037 | G295: =Q295 -> 2+1 | H295: =IFERROR(LEFT(G295,1),"") -> 2 | I295: =IF(LEN(G295)>1,1,0) -> 1 | J295: 46171 | K295: Nobu Residences | L295: 15 Mercer St | M295: Toronto | N295: Madison Group | O295: 1904 | Q295: 2+1 | R295: 2 | S295: 814 | T295: 800-899 sqft | U295: 0 | V295: Yes | W295: None | Y295: N | Z295: Built 2024 (2 yrs) | AA295: Concierge, Gym, Party Room, Outdoor Terrace | AB295: 3000 | AC295: 3000 | AD295: =IFERROR(AB295/B295,"") -> 3.6855037 | AE295: =IFERROR(AC295/B295,"") -> 3.6855037 | AF295: No | AG295: No | AH295: No | AI295: 2026-05-29 | AJ295: C13091688 | AK295: https://condos.ca/toronto/nobu-residences-15-mercer-st-35-mercer-st/unit-1904-C13091688 | AL295: condos.ca registered area 814 sqft* (source Calculated), in MLS bracket 800-899; leased 2026-05-29. | AM295: Condo | AN295: =IFERROR(E295*(1+IF(AM295="Apartment",Data_Summary!$C$3,0)),"") -> 3.6855037 | AO295: 46195
A296: =IF(AND(ISNUMBER(B296),B296>0,ISNUMBER(AB296),AB296>0,J296>=Data_Summary!$C$1),1,0) -> 1 | B296: 692 | C296: =IF(ISNUMBER(AB296),AB296,"") -> 4000 | D296: =IF(ISNUMBER(C296),C296-U296*Data_Summary!$C$2,"") -> 4000 | E296: =IFERROR(C296/B296,"") -> 5.7803468 | F296: =IFERROR(D296/B296,"") -> 5.7803468 | G296: =Q296 -> 2 | H296: =IFERROR(LEFT(G296,1),"") -> 2 | I296: =IF(LEN(G296)>1,1,0) -> 0 | J296: 46170 | K296: Nobu Residences | L296: 15 Mercer St | M296: Toronto | N296: Madison Group | O296: 2013 | Q296: 2 | R296: 2 | S296: 692 | T296: 700-799 sqft | U296: 0 | V296: Yes | W296: None | Y296: N | Z296: Built 2024 (2 yrs) | AA296: Concierge, Gym, Party Room, Outdoor Terrace | AB296: 4000 | AC296: 3700 | AD296: =IFERROR(AB296/B296,"") -> 5.7803468 | AE296: =IFERROR(AC296/B296,"") -> 5.3468208 | AF296: Yes | AG296: No | AH296: No | AI296: 2026-05-28 | AJ296: C13130320 | AK296: https://condos.ca/toronto/nobu-residences-15-mercer-st-35-mercer-st/unit-2013-C13130320 | AL296: condos.ca area 692 sqft*; calc SF 692 outside MLS bracket 700-799 — flagged; furnished/short-term lease; leased 2026-05-28. | AM296: Condo | AN296: =IFERROR(E296*(1+IF(AM296="Apartment",Data_Summary!$C$3,0)),"") -> 5.7803468 | AO296: 46195
A297: =IF(AND(ISNUMBER(B297),B297>0,ISNUMBER(AB297),AB297>0,J297>=Data_Summary!$C$1),1,0) -> 1 | B297: 652 | C297: =IF(ISNUMBER(AB297),AB297,"") -> 3100 | D297: =IF(ISNUMBER(C297),C297-U297*Data_Summary!$C$2,"") -> 3100 | E297: =IFERROR(C297/B297,"") -> 4.7546012 | F297: =IFERROR(D297/B297,"") -> 4.7546012 | G297: =Q297 -> 2 | H297: =IFERROR(LEFT(G297,1),"") -> 2 | I297: =IF(LEN(G297)>1,1,0) -> 0 | J297: 46167 | K297: Nobu Residences | L297: 15 Mercer St | M297: Toronto | N297: Madison Group | O297: 3809 | Q297: 2 | R297: 2 | S297: 652 | T297: 600-699 sqft | U297: 0 | V297: Yes | W297: None | Y297: N | Z297: Built 2024 (2 yrs) | AA297: Concierge, Gym, Party Room, Outdoor Terrace | AB297: 3100 | AC297: 3000 | AD297: =IFERROR(AB297/B297,"") -> 4.7546012 | AE297: =IFERROR(AC297/B297,"") -> 4.601227 | AF297: No | AG297: No | AH297: No | AI297: 2026-05-25 | AJ297: C13032942 | AK297: https://condos.ca/toronto/nobu-residences-15-mercer-st-35-mercer-st/unit-3809-C13032942 | AL297: condos.ca registered area 652 sqft* (source Calculated), in MLS bracket 600-699; leased 2026-05-25. | AM297: Condo | AN297: =IFERROR(E297*(1+IF(AM297="Apartment",Data_Summary!$C$3,0)),"") -> 4.7546012 | AO297: 46195
A298: =IF(AND(ISNUMBER(B298),B298>0,ISNUMBER(AB298),AB298>0,J298>=Data_Summary!$C$1),1,0) -> 1 | B298: 639 | C298: =IF(ISNUMBER(AB298),AB298,"") -> 3100 | D298: =IF(ISNUMBER(C298),C298-U298*Data_Summary!$C$2,"") -> 3100 | E298: =IFERROR(C298/B298,"") -> 4.8513302 | F298: =IFERROR(D298/B298,"") -> 4.8513302 | G298: =Q298 -> 2 | H298: =IFERROR(LEFT(G298,1),"") -> 2 | I298: =IF(LEN(G298)>1,1,0) -> 0 | J298: 46163 | K298: Nobu Residences | L298: 15 Mercer St | M298: Toronto | N298: Madison Group | O298: 2514 | Q298: 2 | R298: 2 | S298: 639 | T298: 600-699 sqft | U298: 0 | V298: Yes | W298: None | Y298: NE | Z298: Built 2024 (2 yrs) | AA298: Concierge, Gym, Party Room, Outdoor Terrace | AB298: 3100 | AC298: 3100 | AD298: =IFERROR(AB298/B298,"") -> 4.8513302 | AE298: =IFERROR(AC298/B298,"") -> 4.8513302 | AF298: No | AG298: No | AH298: No | AI298: 2026-05-21 | AJ298: C13132508 | AK298: https://condos.ca/toronto/nobu-residences-15-mercer-st-35-mercer-st/unit-2514-C13132508 | AL298: condos.ca registered area 639 sqft* (source Calculated), in MLS bracket 600-699; leased 2026-05-21. | AM298: Condo | AN298: =IFERROR(E298*(1+IF(AM298="Apartment",Data_Summary!$C$3,0)),"") -> 4.8513302 | AO298: 46195
A299: =IF(AND(ISNUMBER(B299),B299>0,ISNUMBER(AB299),AB299>0,J299>=Data_Summary!$C$1),1,0) -> 1 | B299: 639 | C299: =IF(ISNUMBER(AB299),AB299,"") -> 3000 | D299: =IF(ISNUMBER(C299),C299-U299*Data_Summary!$C$2,"") -> 3000 | E299: =IFERROR(C299/B299,"") -> 4.6948357 | F299: =IFERROR(D299/B299,"") -> 4.6948357 | G299: =Q299 -> 2 | H299: =IFERROR(LEFT(G299,1),"") -> 2 | I299: =IF(LEN(G299)>1,1,0) -> 0 | J299: 46162 | K299: Nobu Residences | L299: 15 Mercer St | M299: Toronto | N299: Madison Group | O299: 2214 | Q299: 2 | R299: 2 | S299: 639 | T299: 600-699 sqft | U299: 0 | V299: Yes | W299: None | Y299: S | Z299: Built 2024 (2 yrs) | AA299: Concierge, Gym, Party Room, Outdoor Terrace | AB299: 3000 | AC299: 3000 | AD299: =IFERROR(AB299/B299,"") -> 4.6948357 | AE299: =IFERROR(AC299/B299,"") -> 4.6948357 | AF299: No | AG299: No | AH299: No | AI299: 2026-05-20 | AJ299: C13038894 | AK299: https://condos.ca/toronto/nobu-residences-15-mercer-st-35-mercer-st/unit-2214-C13038894 | AL299: condos.ca registered area 639 sqft* (source Calculated), in MLS bracket 600-699; leased 2026-05-20. | AM299: Condo | AN299: =IFERROR(E299*(1+IF(AM299="Apartment",Data_Summary!$C$3,0)),"") -> 4.6948357 | AO299: 46195
A300: =IF(AND(ISNUMBER(B300),B300>0,ISNUMBER(AB300),AB300>0,J300>=Data_Summary!$C$1),1,0) -> 1 | B300: 701 | C300: =IF(ISNUMBER(AB300),AB300,"") -> 2850 | D300: =IF(ISNUMBER(C300),C300-U300*Data_Summary!$C$2,"") -> 2850 | E300: =IFERROR(C300/B300,"") -> 4.0656205 | F300: =IFERROR(D300/B300,"") -> 4.0656205 | G300: =Q300 -> 2 | H300: =IFERROR(LEFT(G300,1),"") -> 2 | I300: =IF(LEN(G300)>1,1,0) -> 0 | J300: 46161 | K300: Nobu Residences | L300: 15 Mercer St | M300: Toronto | N300: Madison Group | O300: 801 | Q300: 2 | R300: 2 | S300: 701 | T300: 700-799 sqft | U300: 0 | V300: Yes | W300: None | Y300: S | Z300: Built 2024 (2 yrs) | AA300: Concierge, Gym, Party Room, Outdoor Terrace | AB300: 2850 | AC300: 2800 | AD300: =IFERROR(AB300/B300,"") -> 4.0656205 | AE300: =IFERROR(AC300/B300,"") -> 3.9942939 | AF300: No | AG300: No | AH300: No | AI300: 2026-05-19 | AJ300: C13111678 | AK300: https://condos.ca/toronto/nobu-residences-15-mercer-st-35-mercer-st/unit-801-C13111678 | AL300: condos.ca registered area 701 sqft* (source Calculated), in MLS bracket 700-799; leased 2026-05-19. | AM300: Condo | AN300: =IFERROR(E300*(1+IF(AM300="Apartment",Data_Summary!$C$3,0)),"") -> 4.0656205 | AO300: 46195
A301: =IF(AND(ISNUMBER(B301),B301>0,ISNUMBER(AB301),AB301>0,J301>=Data_Summary!$C$1),1,0) -> 1 | B301: 776 | C301: =IF(ISNUMBER(AB301),AB301,"") -> 3500 | D301: =IF(ISNUMBER(C301),C301-U301*Data_Summary!$C$2,"") -> 3350 | E301: =IFERROR(C301/B301,"") -> 4.5103093 | F301: =IFERROR(D301/B301,"") -> 4.3170103 | G301: =Q301 -> 2+1 | H301: =IFERROR(LEFT(G301,1),"") -> 2 | I301: =IF(LEN(G301)>1,1,0) -> 1 | J301: 46150 | K301: Nobu Residences | L301: 15 Mercer St | M301: Toronto | N301: Madison Group | O301: 2602 | Q301: 2+1 | R301: 2 | S301: 776 | T301: 800-899 sqft | U301: 1 | V301: Yes | W301: None | X301: Balcony, Patio | Y301: NW | Z301: Built 2024 (2 yrs) | AA301: Concierge, Gym, Party Room, Outdoor Terrace | AB301: 3500 | AC301: 3600 | AD301: =IFERROR(AB301/B301,"") -> 4.5103093 | AE301: =IFERROR(AC301/B301,"") -> 4.6391753 | AF301: No | AG301: No | AH301: No | AI301: 2026-05-08 | AJ301: C13065856 | AK301: https://condos.ca/toronto/nobu-residences-15-mercer-st-35-mercer-st/unit-2602-C13065856 | AL301: condos.ca area 776 sqft*; calc SF 776 outside MLS bracket 800-899 — flagged; leased 2026-05-08. | AM301: Condo | AN301: =IFERROR(E301*(1+IF(AM301="Apartment",Data_Summary!$C$3,0)),"") -> 4.5103093 | AO301: 46195
A302: =IF(AND(ISNUMBER(B302),B302>0,ISNUMBER(AB302),AB302>0,J302>=Data_Summary!$C$1),1,0) -> 1 | B302: 427 | C302: =IF(ISNUMBER(AB302),AB302,"") -> 2200 | D302: =IF(ISNUMBER(C302),C302-U302*Data_Summary!$C$2,"") -> 2200 | E302: =IFERROR(C302/B302,"") -> 5.1522248 | F302: =IFERROR(D302/B302,"") -> 5.1522248 | G302: =Q302 -> 1 | H302: =IFERROR(LEFT(G302,1),"") -> 1 | I302: =IF(LEN(G302)>1,1,0) -> 0 | J302: 46149 | K302: Nobu Residences | L302: 15 Mercer St | M302: Toronto | N302: Madison Group | O302: 2803 | Q302: 1 | R302: 1 | S302: 427 | T302: 0-499 sqft | U302: 0 | V302: Yes | W302: None | Y302: SW | Z302: Built 2024 (2 yrs) | AA302: Concierge, Gym, Party Room, Outdoor Terrace | AB302: 2200 | AC302: 2250 | AD302: =IFERROR(AB302/B302,"") -> 5.1522248 | AE302: =IFERROR(AC302/B302,"") -> 5.2693208 | AF302: No | AG302: No | AH302: No | AI302: 2026-05-07 | AJ302: C13057612 | AK302: https://condos.ca/toronto/nobu-residences-15-mercer-st-35-mercer-st/unit-2803-C13057612 | AL302: condos.ca registered area 427 sqft* (source Calculated), in MLS bracket 0-499; leased 2026-05-07. | AM302: Condo | AN302: =IFERROR(E302*(1+IF(AM302="Apartment",Data_Summary!$C$3,0)),"") -> 5.1522248 | AO302: 46195
A303: =IF(AND(ISNUMBER(B303),B303>0,ISNUMBER(AB303),AB303>0,J303>=Data_Summary!$C$1),1,0) -> 1 | B303: 527 | C303: =IF(ISNUMBER(AB303),AB303,"") -> 2300 | D303: =IF(ISNUMBER(C303),C303-U303*Data_Summary!$C$2,"") -> 2300 | E303: =IFERROR(C303/B303,"") -> 4.3643264 | F303: =IFERROR(D303/B303,"") -> 4.3643264 | G303: =Q303 -> 1 | H303: =IFERROR(LEFT(G303,1),"") -> 1 | I303: =IF(LEN(G303)>1,1,0) -> 0 | J303: 46148 | K303: Nobu Residences | L303: 15 Mercer St | M303: Toronto | N303: Madison Group | O303: 2703 | Q303: 1 | R303: 1 | S303: 527 | T303: 500-599 sqft | U303: 0 | V303: Yes | W303: None | Y303: W | Z303: Built 2024 (2 yrs) | AA303: Concierge, Gym, Party Room, Outdoor Terrace | AB303: 2300 | AC303: 2300 | AD303: =IFERROR(AB303/B303,"") -> 4.3643264 | AE303: =IFERROR(AC303/B303,"") -> 4.3643264 | AF303: No | AG303: No | AH303: No | AI303: 2026-05-06 | AJ303: C12929848 | AK303: https://condos.ca/toronto/nobu-residences-15-mercer-st-35-mercer-st/unit-2703-C12929848 | AL303: condos.ca registered area 527 sqft* (source Calculated), in MLS bracket 500-599; leased 2026-05-06. | AM303: Condo | AN303: =IFERROR(E303*(1+IF(AM303="Apartment",Data_Summary!$C$3,0)),"") -> 4.3643264 | AO303: 46195
A304: =IF(AND(ISNUMBER(B304),B304>0,ISNUMBER(AB304),AB304>0,J304>=Data_Summary!$C$1),1,0) -> 1 | B304: 510 | C304: =IF(ISNUMBER(AB304),AB304,"") -> 2300 | D304: =IF(ISNUMBER(C304),C304-U304*Data_Summary!$C$2,"") -> 2300 | E304: =IFERROR(C304/B304,"") -> 4.5098039 | F304: =IFERROR(D304/B304,"") -> 4.5098039 | G304: =Q304 -> 1 | H304: =IFERROR(LEFT(G304,1),"") -> 1 | I304: =IF(LEN(G304)>1,1,0) -> 0 | J304: 46146 | K304: Nobu Residences | L304: 15 Mercer St | M304: Toronto | N304: Madison Group | O304: 1915 | Q304: 1 | R304: 1 | S304: 510 | T304: 500-599 sqft | U304: 0 | V304: Yes | W304: None | Y304: E | Z304: Built 2024 (2 yrs) | AA304: Concierge, Gym, Party Room, Outdoor Terrace | AB304: 2300 | AC304: 2250 | AD304: =IFERROR(AB304/B304,"") -> 4.5098039 | AE304: =IFERROR(AC304/B304,"") -> 4.4117647 | AF304: No | AG304: No | AH304: No | AI304: 2026-05-04 | AJ304: C12942180 | AK304: https://condos.ca/toronto/nobu-residences-15-mercer-st-35-mercer-st/unit-1915-C12942180 | AL304: condos.ca registered area 510 sqft* (source Calculated), in MLS bracket 500-599; leased 2026-05-04. | AM304: Condo | AN304: =IFERROR(E304*(1+IF(AM304="Apartment",Data_Summary!$C$3,0)),"") -> 4.5098039 | AO304: 46195
A305: =IF(AND(ISNUMBER(B305),B305>0,ISNUMBER(AB305),AB305>0,J305>=Data_Summary!$C$1),1,0) -> 1 | B305: 527 | C305: =IF(ISNUMBER(AB305),AB305,"") -> 2150 | D305: =IF(ISNUMBER(C305),C305-U305*Data_Summary!$C$2,"") -> 2150 | E305: =IFERROR(C305/B305,"") -> 4.0796964 | F305: =IFERROR(D305/B305,"") -> 4.0796964 | G305: =Q305 -> 1 | H305: =IFERROR(LEFT(G305,1),"") -> 1 | I305: =IF(LEN(G305)>1,1,0) -> 0 | J305: 46143 | K305: Nobu Residences | L305: 15 Mercer St | M305: Toronto | N305: Madison Group | O305: 2303 | Q305: 1 | R305: 1 | S305: 527 | T305: 0-499 sqft | U305: 0 | V305: Yes | W305: None | Y305: W | Z305: Built 2024 (2 yrs) | AA305: Concierge, Gym, Party Room, Outdoor Terrace | AB305: 2150 | AC305: 2270 | AD305: =IFERROR(AB305/B305,"") -> 4.0796964 | AE305: =IFERROR(AC305/B305,"") -> 4.3074004 | AF305: No | AG305: No | AH305: No | AI305: 2026-05-01 | AJ305: C12910024 | AK305: https://condos.ca/toronto/nobu-residences-15-mercer-st-35-mercer-st/unit-2303-C12910024 | AL305: condos.ca area 527 sqft*; calc SF 527 outside MLS bracket 0-499 — flagged; leased 2026-05-01. | AM305: Condo | AN305: =IFERROR(E305*(1+IF(AM305="Apartment",Data_Summary!$C$3,0)),"") -> 4.0796964 | AO305: 46195
A306: =IF(AND(ISNUMBER(B306),B306>0,ISNUMBER(AB306),AB306>0,J306>=Data_Summary!$C$1),1,0) -> 1 | B306: 652 | C306: =IF(ISNUMBER(AB306),AB306,"") -> 2900 | D306: =IF(ISNUMBER(C306),C306-U306*Data_Summary!$C$2,"") -> 2900 | E306: =IFERROR(C306/B306,"") -> 4.4478528 | F306: =IFERROR(D306/B306,"") -> 4.4478528 | G306: =Q306 -> 2 | H306: =IFERROR(LEFT(G306,1),"") -> 2 | I306: =IF(LEN(G306)>1,1,0) -> 0 | J306: 46141 | K306: Nobu Residences | L306: 15 Mercer St | M306: Toronto | N306: Madison Group | O306: 2711 | Q306: 2 | R306: 2 | S306: 652 | T306: 600-699 sqft | U306: 0 | V306: Yes | W306: None | Y306: SW | Z306: Built 2024 (2 yrs) | AA306: Concierge, Gym, Party Room, Outdoor Terrace | AB306: 2900 | AC306: 2950 | AD306: =IFERROR(AB306/B306,"") -> 4.4478528 | AE306: =IFERROR(AC306/B306,"") -> 4.5245399 | AF306: No | AG306: No | AH306: No | AI306: 2026-04-29 | AJ306: C13044254 | AK306: https://condos.ca/toronto/nobu-residences-15-mercer-st-35-mercer-st/unit-2711-C13044254 | AL306: condos.ca registered area 652 sqft* (source Calculated), in MLS bracket 600-699; leased 2026-04-29. | AM306: Condo | AN306: =IFERROR(E306*(1+IF(AM306="Apartment",Data_Summary!$C$3,0)),"") -> 4.4478528 | AO306: 46195
A307: =IF(AND(ISNUMBER(B307),B307>0,ISNUMBER(AB307),AB307>0,J307>=Data_Summary!$C$1),1,0) -> 1 | B307: 723 | C307: =IF(ISNUMBER(AB307),AB307,"") -> 2650 | D307: =IF(ISNUMBER(C307),C307-U307*Data_Summary!$C$2,"") -> 2650 | E307: =IFERROR(C307/B307,"") -> 3.6652835 | F307: =IFERROR(D307/B307,"") -> 3.6652835 | G307: =Q307 -> 2 | H307: =IFERROR(LEFT(G307,1),"") -> 2 | I307: =IF(LEN(G307)>1,1,0) -> 0 | J307: 46140 | K307: Nobu Residences | L307: 15 Mercer St | M307: Toronto | N307: Madison Group | O307: 706 | Q307: 2 | R307: 2 | S307: 723 | T307: 700-799 sqft | U307: 0 | V307: Yes | W307: None | Y307: E | Z307: Built 2024 (2 yrs) | AA307: Concierge, Gym, Party Room, Outdoor Terrace | AB307: 2650 | AC307: 2650 | AD307: =IFERROR(AB307/B307,"") -> 3.6652835 | AE307: =IFERROR(AC307/B307,"") -> 3.6652835 | AF307: No | AG307: No | AH307: No | AI307: 2026-04-28 | AJ307: C13028084 | AK307: https://condos.ca/toronto/nobu-residences-15-mercer-st-35-mercer-st/unit-706-C13028084 | AL307: condos.ca registered area 723 sqft* (source Calculated), in MLS bracket 700-799; leased 2026-04-28. | AM307: Condo | AN307: =IFERROR(E307*(1+IF(AM307="Apartment",Data_Summary!$C$3,0)),"") -> 3.6652835 | AO307: 46195
A308: =IF(AND(ISNUMBER(B308),B308>0,ISNUMBER(AB308),AB308>0,J308>=Data_Summary!$C$1),1,0) -> 1 | B308: 599 | C308: =IF(ISNUMBER(AB308),AB308,"") -> 2500 | D308: =IF(ISNUMBER(C308),C308-U308*Data_Summary!$C$2,"") -> 2500 | E308: =IFERROR(C308/B308,"") -> 4.1736227 | F308: =IFERROR(D308/B308,"") -> 4.1736227 | G308: =Q308 -> 1+1 | H308: =IFERROR(LEFT(G308,1),"") -> 1 | I308: =IF(LEN(G308)>1,1,0) -> 1 | J308: 46139 | K308: Nobu Residences | L308: 15 Mercer St | M308: Toronto | N308: Madison Group | O308: 514 | Q308: 1+1 | R308: 2 | S308: 599 | T308: 500-599 sqft | U308: 0 | V308: Yes | W308: None | Y308: N | Z308: Built 2024 (2 yrs) | AA308: Concierge, Gym, Party Room, Outdoor Terrace | AB308: 2500 | AC308: 2600 | AD308: =IFERROR(AB308/B308,"") -> 4.1736227 | AE308: =IFERROR(AC308/B308,"") -> 4.3405676 | AF308: No | AG308: No | AH308: No | AI308: 2026-04-27 | AJ308: C12948666 | AK308: https://condos.ca/toronto/nobu-residences-15-mercer-st-35-mercer-st/unit-514-C12948666 | AL308: condos.ca registered area 599 sqft* (source Calculated), in MLS bracket 500-599; leased 2026-04-27. | AM308: Condo | AN308: =IFERROR(E308*(1+IF(AM308="Apartment",Data_Summary!$C$3,0)),"") -> 4.1736227 | AO308: 46195
A309: =IF(AND(ISNUMBER(B309),B309>0,ISNUMBER(AB309),AB309>0,J309>=Data_Summary!$C$1),1,0) -> 1 | B309: 1015 | C309: =IF(ISNUMBER(AB309),AB309,"") -> 4100 | D309: =IF(ISNUMBER(C309),C309-U309*Data_Summary!$C$2,"") -> 3950 | E309: =IFERROR(C309/B309,"") -> 4.0394089 | F309: =IFERROR(D309/B309,"") -> 3.8916256 | G309: =Q309 -> 3 | H309: =IFERROR(LEFT(G309,1),"") -> 3 | I309: =IF(LEN(G309)>1,1,0) -> 0 | J309: 46137 | K309: Nobu Residences | L309: 15 Mercer St | M309: Toronto | N309: Madison Group | O309: 3705 | Q309: 3 | R309: 2 | S309: 1015 | T309: 1000-1199 sqft | U309: 1 | V309: Yes | W309: None | X309: Balcony, Patio | Y309: NE | Z309: Built 2024 (2 yrs) | AA309: Concierge, Gym, Party Room, Outdoor Terrace | AB309: 4100 | AC309: 4200 | AD309: =IFERROR(AB309/B309,"") -> 4.0394089 | AE309: =IFERROR(AC309/B309,"") -> 4.137931 | AF309: No | AG309: No | AH309: No | AI309: 2026-04-25 | AJ309: C12943288 | AK309: https://condos.ca/toronto/nobu-residences-15-mercer-st-35-mercer-st/unit-3705-C12943288 | AL309: condos.ca registered area 1015 sqft* (source Calculated), in MLS bracket 1000-1199; leased 2026-04-25. | AM309: Condo | AN309: =IFERROR(E309*(1+IF(AM309="Apartment",Data_Summary!$C$3,0)),"") -> 4.0394089 | AO309: 46195
A310: =IF(AND(ISNUMBER(B310),B310>0,ISNUMBER(AB310),AB310>0,J310>=Data_Summary!$C$1),1,0) -> 1 | B310: 701 | C310: =IF(ISNUMBER(AB310),AB310,"") -> 3080 | D310: =IF(ISNUMBER(C310),C310-U310*Data_Summary!$C$2,"") -> 3080 | E310: =IFERROR(C310/B310,"") -> 4.3937233 | F310: =IFERROR(D310/B310,"") -> 4.3937233 | G310: =Q310 -> 2 | H310: =IFERROR(LEFT(G310,1),"") -> 2 | I310: =IF(LEN(G310)>1,1,0) -> 0 | J310: 46135 | K310: Nobu Residences | L310: 15 Mercer St | M310: Toronto | N310: Madison Group | O310: 2116 | Q310: 2 | R310: 2 | S310: 701 | T310: 600-699 sqft | U310: 0 | V310: Yes | W310: None | Y310: SW | Z310: Built 2024 (2 yrs) | AA310: Concierge, Gym, Party Room, Outdoor Terrace | AB310: 3080 | AC310: 3080 | AD310: =IFERROR(AB310/B310,"") -> 4.3937233 | AE310: =IFERROR(AC310/B310,"") -> 4.3937233 | AF310: No | AG310: No | AH310: No | AI310: 2026-04-23 | AJ310: C13018262 | AK310: https://condos.ca/toronto/nobu-residences-15-mercer-st-35-mercer-st/unit-2116-C13018262 | AL310: condos.ca area 701 sqft*; calc SF 701 outside MLS bracket 600-699 — flagged; leased 2026-04-23. | AM310: Condo | AN310: =IFERROR(E310*(1+IF(AM310="Apartment",Data_Summary!$C$3,0)),"") -> 4.3937233 | AO310: 46195
A311: =IF(AND(ISNUMBER(B311),B311>0,ISNUMBER(AB311),AB311>0,J311>=Data_Summary!$C$1),1,0) -> 1 | B311: 652 | C311: =IF(ISNUMBER(AB311),AB311,"") -> 2800 | D311: =IF(ISNUMBER(C311),C311-U311*Data_Summary!$C$2,"") -> 2800 | E311: =IFERROR(C311/B311,"") -> 4.2944785 | F311: =IFERROR(D311/B311,"") -> 4.2944785 | G311: =Q311 -> 2 | H311: =IFERROR(LEFT(G311,1),"") -> 2 | I311: =IF(LEN(G311)>1,1,0) -> 0 | J311: 46135 | K311: Nobu Residences | L311: 15 Mercer St | M311: Toronto | N311: Madison Group | O311: 710 | Q311: 2 | R311: 2 | S311: 652 | T311: 600-699 sqft | U311: 0 | V311: Yes | W311: None | Y311: W | Z311: Built 2024 (2 yrs) | AA311: Concierge, Gym, Party Room, Outdoor Terrace | AB311: 2800 | AC311: 2800 | AD311: =IFERROR(AB311/B311,"") -> 4.2944785 | AE311: =IFERROR(AC311/B311,"") -> 4.2944785 | AF311: No | AG311: No | AH311: No | AI311: 2026-04-23 | AJ311: C12837460 | AK311: https://condos.ca/toronto/nobu-residences-15-mercer-st-35-mercer-st/unit-710-C12837460 | AL311: condos.ca registered area 652 sqft* (source Calculated), in MLS bracket 600-699; leased 2026-04-23. | AM311: Condo | AN311: =IFERROR(E311*(1+IF(AM311="Apartment",Data_Summary!$C$3,0)),"") -> 4.2944785 | AO311: 46195
A312: =IF(AND(ISNUMBER(B312),B312>0,ISNUMBER(AB312),AB312>0,J312>=Data_Summary!$C$1),1,0) -> 1 | B312: 417 | C312: =IF(ISNUMBER(AB312),AB312,"") -> 2300 | D312: =IF(ISNUMBER(C312),C312-U312*Data_Summary!$C$2,"") -> 2300 | E312: =IFERROR(C312/B312,"") -> 5.5155875 | F312: =IFERROR(D312/B312,"") -> 5.5155875 | G312: =Q312 -> 1 | H312: =IFERROR(LEFT(G312,1),"") -> 1 | I312: =IF(LEN(G312)>1,1,0) -> 0 | J312: 46134 | K312: Nobu Residences | L312: 15 Mercer St | M312: Toronto | N312: Madison Group | O312: 3813 | Q312: 1 | R312: 1 | S312: 417 | T312: 0-499 sqft | U312: 0 | V312: Yes | W312: None | Y312: E | Z312: Built 2024 (2 yrs) | AA312: Concierge, Gym, Party Room, Outdoor Terrace | AB312: 2300 | AC312: 2350 | AD312: =IFERROR(AB312/B312,"") -> 5.5155875 | AE312: =IFERROR(AC312/B312,"") -> 5.6354916 | AF312: No | AG312: No | AH312: No | AI312: 2026-04-22 | AJ312: C12984906 | AK312: https://condos.ca/toronto/nobu-residences-15-mercer-st-35-mercer-st/unit-3813-C12984906 | AL312: condos.ca registered area 417 sqft* (source Calculated), in MLS bracket 0-499; leased 2026-04-22. | AM312: Condo | AN312: =IFERROR(E312*(1+IF(AM312="Apartment",Data_Summary!$C$3,0)),"") -> 5.5155875 | AO312: 46195
A313: =IF(AND(ISNUMBER(B313),B313>0,ISNUMBER(AB313),AB313>0,J313>=Data_Summary!$C$1),1,0) -> 1 | B313: 639 | C313: =IF(ISNUMBER(AB313),AB313,"") -> 3100 | D313: =IF(ISNUMBER(C313),C313-U313*Data_Summary!$C$2,"") -> 3100 | E313: =IFERROR(C313/B313,"") -> 4.8513302 | F313: =IFERROR(D313/B313,"") -> 4.8513302 | G313: =Q313 -> 2 | H313: =IFERROR(LEFT(G313,1),"") -> 2 | I313: =IF(LEN(G313)>1,1,0) -> 0 | J313: 46133 | K313: Nobu Residences | L313: 15 Mercer St | M313: Toronto | N313: Madison Group | O313: 2614 | Q313: 2 | R313: 2 | S313: 639 | T313: 600-699 sqft | U313: 0 | V313: Yes | W313: None | Y313: NE | Z313: Built 2024 (2 yrs) | AA313: Concierge, Gym, Party Room, Outdoor Terrace | AB313: 3100 | AC313: 3100 | AD313: =IFERROR(AB313/B313,"") -> 4.8513302 | AE313: =IFERROR(AC313/B313,"") -> 4.8513302 | AF313: Yes | AG313: No | AH313: No | AI313: 2026-04-21 | AJ313: C12955870 | AK313: https://condos.ca/toronto/nobu-residences-15-mercer-st-35-mercer-st/unit-2614-C12955870 | AL313: condos.ca area 639 sqft*; furnished/short-term lease; leased 2026-04-21. | AM313: Condo | AN313: =IFERROR(E313*(1+IF(AM313="Apartment",Data_Summary!$C$3,0)),"") -> 4.8513302 | AO313: 46195
A314: =IF(AND(ISNUMBER(B314),B314>0,ISNUMBER(AB314),AB314>0,J314>=Data_Summary!$C$1),1,0) -> 1 | B314: 890 | C314: =IF(ISNUMBER(AB314),AB314,"") -> 3200 | D314: =IF(ISNUMBER(C314),C314-U314*Data_Summary!$C$2,"") -> 3200 | E314: =IFERROR(C314/B314,"") -> 3.5955056 | F314: =IFERROR(D314/B314,"") -> 3.5955056 | G314: =Q314 -> 2+1 | H314: =IFERROR(LEFT(G314,1),"") -> 2 | I314: =IF(LEN(G314)>1,1,0) -> 1 | J314: 46132 | K314: Nobu Residences | L314: 15 Mercer St | M314: Toronto | N314: Madison Group | O314: 722 | Q314: 2+1 | R314: 2 | S314: 890 | T314: 800-899 sqft | U314: 0 | V314: Yes | W314: None | X314: Balcony, Patio | Y314: NW | Z314: Built 2024 (2 yrs) | AA314: Concierge, Gym, Party Room, Outdoor Terrace | AB314: 3200 | AC314: 3200 | AD314: =IFERROR(AB314/B314,"") -> 3.5955056 | AE314: =IFERROR(AC314/B314,"") -> 3.5955056 | AF314: No | AG314: No | AH314: No | AI314: 2026-04-20 | AJ314: C13013566 | AK314: https://condos.ca/toronto/nobu-residences-15-mercer-st-35-mercer-st/unit-722-C13013566 | AL314: condos.ca registered area 890 sqft* (source Calculated), in MLS bracket 800-899; leased 2026-04-20. | AM314: Condo | AN314: =IFERROR(E314*(1+IF(AM314="Apartment",Data_Summary!$C$3,0)),"") -> 3.5955056 | AO314: 46195
A315: =IF(AND(ISNUMBER(B315),B315>0,ISNUMBER(AB315),AB315>0,J315>=Data_Summary!$C$1),1,0) -> 1 | B315: 776 | C315: =IF(ISNUMBER(AB315),AB315,"") -> 3550 | D315: =IF(ISNUMBER(C315),C315-U315*Data_Summary!$C$2,"") -> 3400 | E315: =IFERROR(C315/B315,"") -> 4.5747423 | F315: =IFERROR(D315/B315,"") -> 4.3814433 | G315: =Q315 -> 2+1 | H315: =IFERROR(LEFT(G315,1),"") -> 2 | I315: =IF(LEN(G315)>1,1,0) -> 1 | J315: 46132 | K315: Nobu Residences | L315: 15 Mercer St | M315: Toronto | N315: Madison Group | O315: 3016 | Q315: 2+1 | R315: 2 | S315: 776 | T315: 800-899 sqft | U315: 1 | V315: Yes | W315: None | X315: Balcony, Patio | Y315: S | Z315: Built 2024 (2 yrs) | AA315: Concierge, Gym, Party Room, Outdoor Terrace | AB315: 3550 | AC315: 3550 | AD315: =IFERROR(AB315/B315,"") -> 4.5747423 | AE315: =IFERROR(AC315/B315,"") -> 4.5747423 | AF315: No | AG315: No | AH315: No | AI315: 2026-04-20 | AJ315: C12935756 | AK315: https://condos.ca/toronto/nobu-residences-15-mercer-st-35-mercer-st/unit-3016-C12935756 | AL315: condos.ca area 776 sqft*; calc SF 776 outside MLS bracket 800-899 — flagged; leased 2026-04-20. | AM315: Condo | AN315: =IFERROR(E315*(1+IF(AM315="Apartment",Data_Summary!$C$3,0)),"") -> 4.5747423 | AO315: 46195
A316: =IF(AND(ISNUMBER(B316),B316>0,ISNUMBER(AB316),AB316>0,J316>=Data_Summary!$C$1),1,0) -> 1 | B316: 417 | C316: =IF(ISNUMBER(AB316),AB316,"") -> 2200 | D316: =IF(ISNUMBER(C316),C316-U316*Data_Summary!$C$2,"") -> 2200 | E316: =IFERROR(C316/B316,"") -> 5.2757794 | F316: =IFERROR(D316/B316,"") -> 5.2757794 | G316: =Q316 -> 1 | H316: =IFERROR(LEFT(G316,1),"") -> 1 | I316: =IF(LEN(G316)>1,1,0) -> 0 | J316: 46131 | K316: Nobu Residences | L316: 15 Mercer St | M316: Toronto | N316: Madison Group | O316: 2515 | Q316: 1 | R316: 1 | S316: 417 | T316: 0-499 sqft | U316: 0 | V316: Yes | W316: None | Y316: E | Z316: Built 2024 (2 yrs) | AA316: Concierge, Gym, Party Room, Outdoor Terrace | AB316: 2200 | AC316: 2200 | AD316: =IFERROR(AB316/B316,"") -> 5.2757794 | AE316: =IFERROR(AC316/B316,"") -> 5.2757794 | AF316: No | AG316: No | AH316: No | AI316: 2026-04-19 | AJ316: C12957914 | AK316: https://condos.ca/toronto/nobu-residences-15-mercer-st-35-mercer-st/unit-2515-C12957914 | AL316: condos.ca registered area 417 sqft* (source Calculated), in MLS bracket 0-499; leased 2026-04-19. | AM316: Condo | AN316: =IFERROR(E316*(1+IF(AM316="Apartment",Data_Summary!$C$3,0)),"") -> 5.2757794 | AO316: 46195
A317: =IF(AND(ISNUMBER(B317),B317>0,ISNUMBER(AB317),AB317>0,J317>=Data_Summary!$C$1),1,0) -> 1 | B317: 719 | C317: =IF(ISNUMBER(AB317),AB317,"") -> 3200 | D317: =IF(ISNUMBER(C317),C317-U317*Data_Summary!$C$2,"") -> 3200 | E317: =IFERROR(C317/B317,"") -> 4.4506259 | F317: =IFERROR(D317/B317,"") -> 4.4506259 | G317: =Q317 -> 2 | H317: =IFERROR(LEFT(G317,1),"") -> 2 | I317: =IF(LEN(G317)>1,1,0) -> 0 | J317: 46129 | K317: Nobu Residences | L317: 15 Mercer St | M317: Toronto | N317: Madison Group | O317: 2005 | Q317: 2 | R317: 2 | S317: 719 | T317: 700-799 sqft | U317: 0 | V317: Yes | W317: None | Y317: N | Z317: Built 2024 (2 yrs) | AA317: Concierge, Gym, Party Room, Outdoor Terrace | AB317: 3200 | AC317: 3390 | AD317: =IFERROR(AB317/B317,"") -> 4.4506259 | AE317: =IFERROR(AC317/B317,"") -> 4.7148818 | AF317: No | AG317: No | AH317: No | AI317: 2026-04-17 | AJ317: C12987464 | AK317: https://condos.ca/toronto/nobu-residences-15-mercer-st-35-mercer-st/unit-2005-C12987464 | AL317: condos.ca registered area 719 sqft* (source Calculated), in MLS bracket 700-799; leased 2026-04-17. | AM317: Condo | AN317: =IFERROR(E317*(1+IF(AM317="Apartment",Data_Summary!$C$3,0)),"") -> 4.4506259 | AO317: 46195
A318: =IF(AND(ISNUMBER(B318),B318>0,ISNUMBER(AB318),AB318>0,J318>=Data_Summary!$C$1),1,0) -> 1 | B318: 417 | C318: =IF(ISNUMBER(AB318),AB318,"") -> 2250 | D318: =IF(ISNUMBER(C318),C318-U318*Data_Summary!$C$2,"") -> 2250 | E318: =IFERROR(C318/B318,"") -> 5.3956835 | F318: =IFERROR(D318/B318,"") -> 5.3956835 | G318: =Q318 -> 1 | H318: =IFERROR(LEFT(G318,1),"") -> 1 | I318: =IF(LEN(G318)>1,1,0) -> 0 | J318: 46127 | K318: Nobu Residences | L318: 15 Mercer St | M318: Toronto | N318: Madison Group | O318: 3913 | Q318: 1 | R318: 1 | S318: 417 | T318: 0-499 sqft | U318: 0 | V318: Yes | W318: None | Y318: E | Z318: Built 2024 (2 yrs) | AA318: Concierge, Gym, Party Room, Outdoor Terrace | AB318: 2250 | AC318: 2200 | AD318: =IFERROR(AB318/B318,"") -> 5.3956835 | AE318: =IFERROR(AC318/B318,"") -> 5.2757794 | AF318: No | AG318: No | AH318: No | AI318: 2026-04-15 | AJ318: C12970842 | AK318: https://condos.ca/toronto/nobu-residences-15-mercer-st-35-mercer-st/unit-3913-C12970842 | AL318: condos.ca registered area 417 sqft* (source Calculated), in MLS bracket 0-499; leased 2026-04-15. | AM318: Condo | AN318: =IFERROR(E318*(1+IF(AM318="Apartment",Data_Summary!$C$3,0)),"") -> 5.3956835 | AO318: 46195
A319: =IF(AND(ISNUMBER(B319),B319>0,ISNUMBER(AB319),AB319>0,J319>=Data_Summary!$C$1),1,0) -> 1 | B319: 652 | C319: =IF(ISNUMBER(AB319),AB319,"") -> 2800 | D319: =IF(ISNUMBER(C319),C319-U319*Data_Summary!$C$2,"") -> 2800 | E319: =IFERROR(C319/B319,"") -> 4.2944785 | F319: =IFERROR(D319/B319,"") -> 4.2944785 | G319: =Q319 -> 2 | H319: =IFERROR(LEFT(G319,1),"") -> 2 | I319: =IF(LEN(G319)>1,1,0) -> 0 | J319: 46126 | K319: Nobu Residences | L319: 15 Mercer St | M319: Toronto | N319: Madison Group | O319: 2507 | Q319: 2 | R319: 2 | S319: 652 | T319: 600-699 sqft | U319: 0 | V319: Yes | W319: None | Y319: E | Z319: Built 2024 (2 yrs) | AA319: Concierge, Gym, Party Room, Outdoor Terrace | AB319: 2800 | AC319: 2800 | AD319: =IFERROR(AB319/B319,"") -> 4.2944785 | AE319: =IFERROR(AC319/B319,"") -> 4.2944785 | AF319: No | AG319: No | AH319: No | AI319: 2026-04-14 | AJ319: C12941484 | AK319: https://condos.ca/toronto/nobu-residences-15-mercer-st-35-mercer-st/unit-2507-C12941484 | AL319: condos.ca registered area 652 sqft* (source Calculated), in MLS bracket 600-699; leased 2026-04-14. | AM319: Condo | AN319: =IFERROR(E319*(1+IF(AM319="Apartment",Data_Summary!$C$3,0)),"") -> 4.2944785 | AO319: 46195
A320: =IF(AND(ISNUMBER(B320),B320>0,ISNUMBER(AB320),AB320>0,J320>=Data_Summary!$C$1),1,0) -> 1 | B320: 905 | C320: =IF(ISNUMBER(AB320),AB320,"") -> 3500 | D320: =IF(ISNUMBER(C320),C320-U320*Data_Summary!$C$2,"") -> 3500 | E320: =IFERROR(C320/B320,"") -> 3.8674033 | F320: =IFERROR(D320/B320,"") -> 3.8674033 | G320: =Q320 -> 2+1 | H320: =IFERROR(LEFT(G320,1),"") -> 2 | I320: =IF(LEN(G320)>1,1,0) -> 1 | J320: 46125 | K320: Nobu Residences | L320: 15 Mercer St | M320: Toronto | N320: Madison Group | O320: 523 | Q320: 2+1 | R320: 2 | S320: 905 | T320: 900-999 sqft | U320: 0 | V320: Yes | W320: None | Y320: NE | Z320: Built 2024 (2 yrs) | AA320: Concierge, Gym, Party Room, Outdoor Terrace | AB320: 3500 | AC320: 3500 | AD320: =IFERROR(AB320/B320,"") -> 3.8674033 | AE320: =IFERROR(AC320/B320,"") -> 3.8674033 | AF320: No | AG320: No | AH320: No | AI320: 2026-04-13 | AJ320: C12955556 | AK320: https://condos.ca/toronto/nobu-residences-15-mercer-st-35-mercer-st/unit-523-C12955556 | AL320: condos.ca registered area 905 sqft* (source Calculated), in MLS bracket 900-999; leased 2026-04-13. | AM320: Condo | AN320: =IFERROR(E320*(1+IF(AM320="Apartment",Data_Summary!$C$3,0)),"") -> 3.8674033 | AO320: 46195
A321: =IF(AND(ISNUMBER(B321),B321>0,ISNUMBER(AB321),AB321>0,J321>=Data_Summary!$C$1),1,0) -> 1 | B321: 667 | C321: =IF(ISNUMBER(AB321),AB321,"") -> 3800 | D321: =IF(ISNUMBER(C321),C321-U321*Data_Summary!$C$2,"") -> 3650 | E321: =IFERROR(C321/B321,"") -> 5.6971514 | F321: =IFERROR(D321/B321,"") -> 5.4722639 | G321: =Q321 -> 2 | H321: =IFERROR(LEFT(G321,1),"") -> 2 | I321: =IF(LEN(G321)>1,1,0) -> 0 | J321: 46122 | K321: Nobu Residences | L321: 15 Mercer St | M321: Toronto | N321: Madison Group | O321: 4014 | Q321: 2 | R321: 2 | S321: 667 | T321: 600-699 sqft | U321: 1 | V321: Yes | W321: None | Y321: SE | Z321: Built 2024 (2 yrs) | AA321: Concierge, Gym, Party Room, Outdoor Terrace | AB321: 3800 | AC321: 3800 | AD321: =IFERROR(AB321/B321,"") -> 5.6971514 | AE321: =IFERROR(AC321/B321,"") -> 5.6971514 | AF321: Yes | AG321: No | AH321: No | AI321: 2026-04-10 | AJ321: C12967524 | AK321: https://condos.ca/toronto/nobu-residences-15-mercer-st-35-mercer-st/unit-4014-C12967524 | AL321: condos.ca area 667 sqft*; furnished/short-term lease; leased 2026-04-10. | AM321: Condo | AN321: =IFERROR(E321*(1+IF(AM321="Apartment",Data_Summary!$C$3,0)),"") -> 5.6971514 | AO321: 46195
A322: =IF(AND(ISNUMBER(B322),B322>0,ISNUMBER(AB322),AB322>0,J322>=Data_Summary!$C$1),1,0) -> 1 | B322: 799 | C322: =IF(ISNUMBER(AB322),AB322,"") -> 3300 | D322: =IF(ISNUMBER(C322),C322-U322*Data_Summary!$C$2,"") -> 3300 | E322: =IFERROR(C322/B322,"") -> 4.1301627 | F322: =IFERROR(D322/B322,"") -> 4.1301627 | G322: =Q322 -> 2+1 | H322: =IFERROR(LEFT(G322,1),"") -> 2 | I322: =IF(LEN(G322)>1,1,0) -> 1 | J322: 46121 | K322: Nobu Residences | L322: 15 Mercer St | M322: Toronto | N322: Madison Group | O322: 2212 | Q322: 2+1 | R322: 2 | S322: 799 | T322: 800-899 sqft | U322: 0 | V322: Yes | W322: None | X322: Balcony, Patio | Y322: NW | Z322: Built 2024 (2 yrs) | AA322: Concierge, Gym, Party Room, Outdoor Terrace | AB322: 3300 | AC322: 3300 | AD322: =IFERROR(AB322/B322,"") -> 4.1301627 | AE322: =IFERROR(AC322/B322,"") -> 4.1301627 | AF322: No | AG322: No | AH322: No | AI322: 2026-04-09 | AJ322: C12726720 | AK322: https://condos.ca/toronto/nobu-residences-15-mercer-st-35-mercer-st/unit-2212-C12726720 | AL322: condos.ca area 799 sqft*; calc SF 799 outside MLS bracket 800-899 — flagged; leased 2026-04-09. | AM322: Condo | AN322: =IFERROR(E322*(1+IF(AM322="Apartment",Data_Summary!$C$3,0)),"") -> 4.1301627 | AO322: 46195
A323: =IF(AND(ISNUMBER(B323),B323>0,ISNUMBER(AB323),AB323>0,J323>=Data_Summary!$C$1),1,0) -> 1 | B323: 776 | C323: =IF(ISNUMBER(AB323),AB323,"") -> 3400 | D323: =IF(ISNUMBER(C323),C323-U323*Data_Summary!$C$2,"") -> 3400 | E323: =IFERROR(C323/B323,"") -> 4.3814433 | F323: =IFERROR(D323/B323,"") -> 4.3814433 | G323: =Q323 -> 2 | H323: =IFERROR(LEFT(G323,1),"") -> 2 | I323: =IF(LEN(G323)>1,1,0) -> 0 | J323: 46118 | K323: Nobu Residences | L323: 15 Mercer St | M323: Toronto | N323: Madison Group | O323: 2916 | Q323: 2 | R323: 2 | S323: 776 | T323: 800-899 sqft | U323: 0 | V323: Yes | W323: None | X323: Balcony, Patio | Y323: SE | Z323: Built 2024 (2 yrs) | AA323: Concierge, Gym, Party Room, Outdoor Terrace | AB323: 3400 | AC323: 3400 | AD323: =IFERROR(AB323/B323,"") -> 4.3814433 | AE323: =IFERROR(AC323/B323,"") -> 4.3814433 | AF323: No | AG323: No | AH323: No | AI323: 2026-04-06 | AJ323: C12934466 | AK323: https://condos.ca/toronto/nobu-residences-15-mercer-st-35-mercer-st/unit-2916-C12934466 | AL323: condos.ca area 776 sqft*; calc SF 776 outside MLS bracket 800-899 — flagged; leased 2026-04-06. | AM323: Condo | AN323: =IFERROR(E323*(1+IF(AM323="Apartment",Data_Summary!$C$3,0)),"") -> 4.3814433 | AO323: 46195
A324: =IF(AND(ISNUMBER(B324),B324>0,ISNUMBER(AB324),AB324>0,J324>=Data_Summary!$C$1),1,0) -> 1 | B324: 652 | C324: =IF(ISNUMBER(AB324),AB324,"") -> 3000 | D324: =IF(ISNUMBER(C324),C324-U324*Data_Summary!$C$2,"") -> 3000 | E324: =IFERROR(C324/B324,"") -> 4.601227 | F324: =IFERROR(D324/B324,"") -> 4.601227 | G324: =Q324 -> 2 | H324: =IFERROR(LEFT(G324,1),"") -> 2 | I324: =IF(LEN(G324)>1,1,0) -> 0 | J324: 46115 | K324: Nobu Residences | L324: 15 Mercer St | M324: Toronto | N324: Madison Group | O324: 3511 | Q324: 2 | R324: 2 | S324: 652 | T324: 656-656 sqft | U324: 0 | V324: No | Z324: Built 2024 (2 yrs) | AA324: Concierge, Gym, Party Room, Outdoor Terrace | AB324: 3000 | AC324: 3100 | AD324: =IFERROR(AB324/B324,"") -> 4.601227 | AE324: =IFERROR(AC324/B324,"") -> 4.7546012 | AF324: No | AG324: No | AH324: No | AI324: 2026-04-03 | AJ324: 40806785 | AK324: https://condos.ca/toronto/nobu-residences-15-mercer-st-35-mercer-st/unit-3511-40806785 | AL324: condos.ca area 652 sqft*; calc SF 652 outside MLS bracket 656-656 — flagged; leased 2026-04-03. | AM324: Condo | AN324: =IFERROR(E324*(1+IF(AM324="Apartment",Data_Summary!$C$3,0)),"") -> 4.601227 | AO324: 46195
A325: =IF(AND(ISNUMBER(B325),B325>0,ISNUMBER(AB325),AB325>0,J325>=Data_Summary!$C$1),1,0) -> 1 | B325: 595 | C325: =IF(ISNUMBER(AB325),AB325,"") -> 2345 | D325: =IF(ISNUMBER(C325),C325-U325*Data_Summary!$C$2,"") -> 2345 | E325: =IFERROR(C325/B325,"") -> 3.9411765 | F325: =IFERROR(D325/B325,"") -> 3.9411765 | G325: =Q325 -> 1+1 | H325: =IFERROR(LEFT(G325,1),"") -> 1 | I325: =IF(LEN(G325)>1,1,0) -> 1 | J325: 46111 | K325: Nobu Residences | L325: 15 Mercer St | M325: Toronto | N325: Madison Group | O325: 517 | Q325: 1+1 | R325: 2 | S325: 595 | T325: 600-699 sqft | U325: 0 | V325: Yes | W325: None | Y325: N | Z325: Built 2024 (2 yrs) | AA325: Concierge, Gym, Party Room, Outdoor Terrace | AB325: 2345 | AC325: 2300 | AD325: =IFERROR(AB325/B325,"") -> 3.9411765 | AE325: =IFERROR(AC325/B325,"") -> 3.8655462 | AF325: No | AG325: No | AH325: No | AI325: 2026-03-30 | AJ325: C12906324 | AK325: https://condos.ca/toronto/nobu-residences-15-mercer-st-35-mercer-st/unit-517-C12906324 | AL325: condos.ca area 595 sqft*; calc SF 595 outside MLS bracket 600-699 — flagged; leased 2026-03-30. | AM325: Condo | AN325: =IFERROR(E325*(1+IF(AM325="Apartment",Data_Summary!$C$3,0)),"") -> 3.9411765 | AO325: 46195
A326: =IF(AND(ISNUMBER(B326),B326>0,ISNUMBER(AB326),AB326>0,J326>=Data_Summary!$C$1),1,0) -> 1 | B326: 594 | C326: =IF(ISNUMBER(AB326),AB326,"") -> 2350 | D326: =IF(ISNUMBER(C326),C326-U326*Data_Summary!$C$2,"") -> 2350 | E326: =IFERROR(C326/B326,"") -> 3.956229 | F326: =IFERROR(D326/B326,"") -> 3.956229 | G326: =Q326 -> 1+1 | H326: =IFERROR(LEFT(G326,1),"") -> 1 | I326: =IF(LEN(G326)>1,1,0) -> 1 | J326: 46109 | K326: Nobu Residences | L326: 15 Mercer St | M326: Toronto | N326: Madison Group | O326: 319 | Q326: 1+1 | R326: 2 | S326: 594 | T326: 500-599 sqft | U326: 0 | V326: Yes | W326: None | Y326: N | Z326: Built 2024 (2 yrs) | AA326: Concierge, Gym, Party Room, Outdoor Terrace | AB326: 2350 | AC326: 2450 | AD326: =IFERROR(AB326/B326,"") -> 3.956229 | AE326: =IFERROR(AC326/B326,"") -> 4.1245791 | AF326: No | AG326: No | AH326: No | AI326: 2026-03-28 | AJ326: C12703874 | AK326: https://condos.ca/toronto/nobu-residences-15-mercer-st-35-mercer-st/unit-319-C12703874 | AL326: condos.ca registered area 594 sqft* (source Calculated), in MLS bracket 500-599; leased 2026-03-28. | AM326: Condo | AN326: =IFERROR(E326*(1+IF(AM326="Apartment",Data_Summary!$C$3,0)),"") -> 3.956229 | AO326: 46195
A327: =IF(AND(ISNUMBER(B327),B327>0,ISNUMBER(AB327),AB327>0,J327>=Data_Summary!$C$1),1,0) -> 1 | B327: 862 | C327: =IF(ISNUMBER(AB327),AB327,"") -> 3600 | D327: =IF(ISNUMBER(C327),C327-U327*Data_Summary!$C$2,"") -> 3450 | E327: =IFERROR(C327/B327,"") -> 4.1763341 | F327: =IFERROR(D327/B327,"") -> 4.0023202 | G327: =Q327 -> 2+1 | H327: =IFERROR(LEFT(G327,1),"") -> 2 | I327: =IF(LEN(G327)>1,1,0) -> 1 | J327: 46108 | K327: Nobu Residences | L327: 15 Mercer St | M327: Toronto | N327: Madison Group | O327: 3908 | Q327: 2+1 | R327: 2 | S327: 862 | T327: 800-899 sqft | U327: 1 | V327: Yes | W327: None | X327: Balcony, Patio | Y327: SW | Z327: Built 2024 (2 yrs) | AA327: Concierge, Gym, Party Room, Outdoor Terrace | AB327: 3600 | AC327: 3600 | AD327: =IFERROR(AB327/B327,"") -> 4.1763341 | AE327: =IFERROR(AC327/B327,"") -> 4.1763341 | AF327: No | AG327: No | AH327: No | AI327: 2026-03-27 | AJ327: C12909770 | AK327: https://condos.ca/toronto/nobu-residences-15-mercer-st-35-mercer-st/unit-3908-C12909770 | AL327: condos.ca registered area 862 sqft* (source Calculated), in MLS bracket 800-899; leased 2026-03-27. | AM327: Condo | AN327: =IFERROR(E327*(1+IF(AM327="Apartment",Data_Summary!$C$3,0)),"") -> 4.1763341 | AO327: 46195
A328: =IF(AND(ISNUMBER(B328),B328>0,ISNUMBER(AB328),AB328>0,J328>=Data_Summary!$C$1),1,0) -> 1 | B328: 701 | C328: =IF(ISNUMBER(AB328),AB328,"") -> 3100 | D328: =IF(ISNUMBER(C328),C328-U328*Data_Summary!$C$2,"") -> 3100 | E328: =IFERROR(C328/B328,"") -> 4.4222539 | F328: =IFERROR(D328/B328,"") -> 4.4222539 | G328: =Q328 -> 2 | H328: =IFERROR(LEFT(G328,1),"") -> 2 | I328: =IF(LEN(G328)>1,1,0) -> 0 | J328: 46107 | K328: Nobu Residences | L328: 15 Mercer St | M328: Toronto | N328: Madison Group | O328: 2206 | Q328: 2 | R328: 2 | S328: 701 | T328: 700-799 sqft | U328: 0 | V328: Yes | W328: None | X328: Balcony, Patio | Y328: NE | Z328: Built 2024 (2 yrs) | AA328: Concierge, Gym, Party Room, Outdoor Terrace | AB328: 3100 | AC328: 3000 | AD328: =IFERROR(AB328/B328,"") -> 4.4222539 | AE328: =IFERROR(AC328/B328,"") -> 4.2796006 | AF328: No | AG328: No | AH328: No | AI328: 2026-03-26 | AJ328: C12898606 | AK328: https://condos.ca/toronto/nobu-residences-15-mercer-st-35-mercer-st/unit-2206-C12898606 | AL328: condos.ca registered area 701 sqft* (source Calculated), in MLS bracket 700-799; leased 2026-03-26. | AM328: Condo | AN328: =IFERROR(E328*(1+IF(AM328="Apartment",Data_Summary!$C$3,0)),"") -> 4.4222539 | AO328: 46195
A329: =IF(AND(ISNUMBER(B329),B329>0,ISNUMBER(AB329),AB329>0,J329>=Data_Summary!$C$1),1,0) -> 1 | B329: 814 | C329: =IF(ISNUMBER(AB329),AB329,"") -> 3300 | D329: =IF(ISNUMBER(C329),C329-U329*Data_Summary!$C$2,"") -> 3300 | E329: =IFERROR(C329/B329,"") -> 4.0540541 | F329: =IFERROR(D329/B329,"") -> 4.0540541 | G329: =Q329 -> 2 | H329: =IFERROR(LEFT(G329,1),"") -> 2 | I329: =IF(LEN(G329)>1,1,0) -> 0 | J329: 46105 | K329: Nobu Residences | L329: 15 Mercer St | M329: Toronto | N329: Madison Group | O329: 1404 | Q329: 2 | R329: 2 | S329: 814 | T329: 700-799 sqft | U329: 0 | V329: Yes | W329: None | Y329: S | Z329: Built 2024 (2 yrs) | AA329: Concierge, Gym, Party Room, Outdoor Terrace | AB329: 3300 | AC329: 3300 | AD329: =IFERROR(AB329/B329,"") -> 4.0540541 | AE329: =IFERROR(AC329/B329,"") -> 4.0540541 | AF329: No | AG329: No | AH329: No | AI329: 2026-03-24 | AJ329: C12860866 | AK329: https://condos.ca/toronto/nobu-residences-15-mercer-st-35-mercer-st/unit-1404-C12860866 | AL329: condos.ca area 814 sqft*; calc SF 814 outside MLS bracket 700-799 — flagged; leased 2026-03-24. | AM329: Condo | AN329: =IFERROR(E329*(1+IF(AM329="Apartment",Data_Summary!$C$3,0)),"") -> 4.0540541 | AO329: 46195
A330: =IF(AND(ISNUMBER(B330),B330>0,ISNUMBER(AB330),AB330>0,J330>=Data_Summary!$C$1),1,0) -> 1 | B330: 929 | C330: =IF(ISNUMBER(AB330),AB330,"") -> 3980 | D330: =IF(ISNUMBER(C330),C330-U330*Data_Summary!$C$2,"") -> 3830 | E330: =IFERROR(C330/B330,"") -> 4.2841765 | F330: =IFERROR(D330/B330,"") -> 4.1227126 | G330: =Q330 -> 3+1 | H330: =IFERROR(LEFT(G330,1),"") -> 3 | I330: =IF(LEN(G330)>1,1,0) -> 1 | J330: 46105 | K330: Nobu Residences | L330: 15 Mercer St | M330: Toronto | N330: Madison Group | O330: 2104 | Q330: 3+1 | R330: 2 | S330: 929 | T330: 900-999 sqft | U330: 1 | V330: Yes | W330: None | X330: Balcony, Patio | Y330: NW | Z330: Built 2024 (2 yrs) | AA330: Concierge, Gym, Party Room, Outdoor Terrace | AB330: 3980 | AC330: 3980 | AD330: =IFERROR(AB330/B330,"") -> 4.2841765 | AE330: =IFERROR(AC330/B330,"") -> 4.2841765 | AF330: Partially | AG330: No | AH330: No | AI330: 2026-03-24 | AJ330: C12855778 | AK330: https://condos.ca/toronto/nobu-residences-15-mercer-st-35-mercer-st/unit-2104-C12855778 | AL330: condos.ca area 929 sqft*; furnished/short-term lease; leased 2026-03-24. | AM330: Condo | AN330: =IFERROR(E330*(1+IF(AM330="Apartment",Data_Summary!$C$3,0)),"") -> 4.2841765 | AO330: 46195
A331: =IF(AND(ISNUMBER(B331),B331>0,ISNUMBER(AB331),AB331>0,J331>=Data_Summary!$C$1),1,0) -> 1 | B331: 719 | C331: =IF(ISNUMBER(AB331),AB331,"") -> 3350 | D331: =IF(ISNUMBER(C331),C331-U331*Data_Summary!$C$2,"") -> 3350 | E331: =IFERROR(C331/B331,"") -> 4.659249 | F331: =IFERROR(D331/B331,"") -> 4.659249 | G331: =Q331 -> 2 | H331: =IFERROR(LEFT(G331,1),"") -> 2 | I331: =IF(LEN(G331)>1,1,0) -> 0 | J331: 46105 | K331: Nobu Residences | L331: 15 Mercer St | M331: Toronto | N331: Madison Group | O331: 1705 | Q331: 2 | R331: 2 | S331: 719 | T331: 700-799 sqft | U331: 0 | V331: Yes | W331: None | Y331: N | Z331: Built 2024 (2 yrs) | AA331: Concierge, Gym, Party Room, Outdoor Terrace | AB331: 3350 | AC331: 3400 | AD331: =IFERROR(AB331/B331,"") -> 4.659249 | AE331: =IFERROR(AC331/B331,"") -> 4.72879 | AF331: No | AG331: No | AH331: No | AI331: 2026-03-24 | AJ331: C12710788 | AK331: https://condos.ca/toronto/nobu-residences-15-mercer-st-35-mercer-st/unit-1705-C12710788 | AL331: condos.ca registered area 719 sqft* (source Calculated), in MLS bracket 700-799; leased 2026-03-24. | AM331: Condo | AN331: =IFERROR(E331*(1+IF(AM331="Apartment",Data_Summary!$C$3,0)),"") -> 4.659249 | AO331: 46195
A332: =IF(AND(ISNUMBER(B332),B332>0,ISNUMBER(AB332),AB332>0,J332>=Data_Summary!$C$1),1,0) -> 1 | B332: 799 | C332: =IF(ISNUMBER(AB332),AB332,"") -> 3500 | D332: =IF(ISNUMBER(C332),C332-U332*Data_Summary!$C$2,"") -> 3500 | E332: =IFERROR(C332/B332,"") -> 4.3804756 | F332: =IFERROR(D332/B332,"") -> 4.3804756 | G332: =Q332 -> 2 | H332: =IFERROR(LEFT(G332,1),"") -> 2 | I332: =IF(LEN(G332)>1,1,0) -> 0 | J332: 46101 | K332: Nobu Residences | L332: 15 Mercer St | M332: Toronto | N332: Madison Group | O332: 3406 | Q332: 2 | R332: 2 | S332: 799 | T332: 700-799 sqft | U332: 0 | V332: Yes | W332: Owned | X332: Balcony, Patio | Y332: NE | Z332: Built 2024 (2 yrs) | AA332: Concierge, Gym, Party Room, Outdoor Terrace | AB332: 3500 | AC332: 3500 | AD332: =IFERROR(AB332/B332,"") -> 4.3804756 | AE332: =IFERROR(AC332/B332,"") -> 4.3804756 | AF332: No | AG332: No | AH332: No | AI332: 2026-03-20 | AJ332: C12805406 | AK332: https://condos.ca/toronto/nobu-residences-15-mercer-st-35-mercer-st/unit-3406-C12805406 | AL332: condos.ca registered area 799 sqft* (source Calculated), in MLS bracket 700-799; leased 2026-03-20. | AM332: Condo | AN332: =IFERROR(E332*(1+IF(AM332="Apartment",Data_Summary!$C$3,0)),"") -> 4.3804756 | AO332: 46195
A333: =IF(AND(ISNUMBER(B333),B333>0,ISNUMBER(AB333),AB333>0,J333>=Data_Summary!$C$1),1,0) -> 1 | B333: 827 | C333: =IF(ISNUMBER(AB333),AB333,"") -> 3000 | D333: =IF(ISNUMBER(C333),C333-U333*Data_Summary!$C$2,"") -> 3000 | E333: =IFERROR(C333/B333,"") -> 3.6275695 | F333: =IFERROR(D333/B333,"") -> 3.6275695 | G333: =Q333 -> 2 | H333: =IFERROR(LEFT(G333,1),"") -> 2 | I333: =IF(LEN(G333)>1,1,0) -> 0 | J333: 46100 | K333: Nobu Residences | L333: 15 Mercer St | M333: Toronto | N333: Madison Group | O333: 512 | Q333: 2 | R333: 2 | S333: 827 | T333: 800-899 sqft | U333: 0 | V333: Yes | W333: None | Y333: N | Z333: Built 2024 (2 yrs) | AA333: Concierge, Gym, Party Room, Outdoor Terrace | AB333: 3000 | AC333: 3000 | AD333: =IFERROR(AB333/B333,"") -> 3.6275695 | AE333: =IFERROR(AC333/B333,"") -> 3.6275695 | AF333: No | AG333: No | AH333: No | AI333: 2026-03-19 | AJ333: C12724014 | AK333: https://condos.ca/toronto/nobu-residences-15-mercer-st-35-mercer-st/unit-512-C12724014 | AL333: condos.ca registered area 827 sqft* (source Calculated), in MLS bracket 800-899; leased 2026-03-19. | AM333: Condo | AN333: =IFERROR(E333*(1+IF(AM333="Apartment",Data_Summary!$C$3,0)),"") -> 3.6275695 | AO333: 46195
A334: =IF(AND(ISNUMBER(B334),B334>0,ISNUMBER(AB334),AB334>0,J334>=Data_Summary!$C$1),1,0) -> 1 | B334: 719 | C334: =IF(ISNUMBER(AB334),AB334,"") -> 3200 | D334: =IF(ISNUMBER(C334),C334-U334*Data_Summary!$C$2,"") -> 3200 | E334: =IFERROR(C334/B334,"") -> 4.4506259 | F334: =IFERROR(D334/B334,"") -> 4.4506259 | G334: =Q334 -> 2 | H334: =IFERROR(LEFT(G334,1),"") -> 2 | I334: =IF(LEN(G334)>1,1,0) -> 0 | J334: 46096 | K334: Nobu Residences | L334: 15 Mercer St | M334: Toronto | N334: Madison Group | O334: 3105 | Q334: 2 | R334: 2 | S334: 719 | T334: 700-799 sqft | U334: 0 | V334: Yes | W334: None | Y334: N | Z334: Built 2024 (2 yrs) | AA334: Concierge, Gym, Party Room, Outdoor Terrace | AB334: 3200 | AC334: 3200 | AD334: =IFERROR(AB334/B334,"") -> 4.4506259 | AE334: =IFERROR(AC334/B334,"") -> 4.4506259 | AF334: No | AG334: No | AH334: No | AI334: 2026-03-15 | AJ334: C12842434 | AK334: https://condos.ca/toronto/nobu-residences-15-mercer-st-35-mercer-st/unit-3105-C12842434 | AL334: condos.ca registered area 719 sqft* (source Calculated), in MLS bracket 700-799; leased 2026-03-15. | AM334: Condo | AN334: =IFERROR(E334*(1+IF(AM334="Apartment",Data_Summary!$C$3,0)),"") -> 4.4506259 | AO334: 46195
A335: =IF(AND(ISNUMBER(B335),B335>0,ISNUMBER(AB335),AB335>0,J335>=Data_Summary!$C$1),1,0) -> 1 | B335: 719 | C335: =IF(ISNUMBER(AB335),AB335,"") -> 2980 | D335: =IF(ISNUMBER(C335),C335-U335*Data_Summary!$C$2,"") -> 2980 | E335: =IFERROR(C335/B335,"") -> 4.1446453 | F335: =IFERROR(D335/B335,"") -> 4.1446453 | G335: =Q335 -> 2 | H335: =IFERROR(LEFT(G335,1),"") -> 2 | I335: =IF(LEN(G335)>1,1,0) -> 0 | J335: 46095 | K335: Nobu Residences | L335: 15 Mercer St | M335: Toronto | N335: Madison Group | O335: 3305 | Q335: 2 | R335: 2 | S335: 719 | T335: 700-799 sqft | U335: 0 | V335: Yes | W335: None | Y335: N | Z335: Built 2024 (2 yrs) | AA335: Concierge, Gym, Party Room, Outdoor Terrace | AB335: 2980 | AC335: 2980 | AD335: =IFERROR(AB335/B335,"") -> 4.1446453 | AE335: =IFERROR(AC335/B335,"") -> 4.1446453 | AF335: No | AG335: No | AH335: No | AI335: 2026-03-14 | AJ335: C12863102 | AK335: https://condos.ca/toronto/nobu-residences-15-mercer-st-35-mercer-st/unit-3305-C12863102 | AL335: condos.ca registered area 719 sqft* (source Calculated), in MLS bracket 700-799; leased 2026-03-14. | AM335: Condo | AN335: =IFERROR(E335*(1+IF(AM335="Apartment",Data_Summary!$C$3,0)),"") -> 4.1446453 | AO335: 46195
A336: =IF(AND(ISNUMBER(B336),B336>0,ISNUMBER(AB336),AB336>0,J336>=Data_Summary!$C$1),1,0) -> 1 | B336: 692 | C336: =IF(ISNUMBER(AB336),AB336,"") -> 3000 | D336: =IF(ISNUMBER(C336),C336-U336*Data_Summary!$C$2,"") -> 3000 | E336: =IFERROR(C336/B336,"") -> 4.3352601 | F336: =IFERROR(D336/B336,"") -> 4.3352601 | G336: =Q336 -> 2 | H336: =IFERROR(LEFT(G336,1),"") -> 2 | I336: =IF(LEN(G336)>1,1,0) -> 0 | J336: 46093 | K336: Nobu Residences | L336: 15 Mercer St | M336: Toronto | N336: Madison Group | O336: 3013 | Q336: 2 | R336: 2 | S336: 692 | T336: 600-699 sqft | U336: 0 | V336: Yes | W336: None | Y336: N | Z336: Built 2024 (2 yrs) | AA336: Concierge, Gym, Party Room, Outdoor Terrace | AB336: 3000 | AC336: 3000 | AD336: =IFERROR(AB336/B336,"") -> 4.3352601 | AE336: =IFERROR(AC336/B336,"") -> 4.3352601 | AF336: No | AG336: No | AH336: No | AI336: 2026-03-12 | AJ336: C12838578 | AK336: https://condos.ca/toronto/nobu-residences-15-mercer-st-35-mercer-st/unit-3013-C12838578 | AL336: condos.ca registered area 692 sqft* (source Calculated), in MLS bracket 600-699; leased 2026-03-12. | AM336: Condo | AN336: =IFERROR(E336*(1+IF(AM336="Apartment",Data_Summary!$C$3,0)),"") -> 4.3352601 | AO336: 46195
A337: =IF(AND(ISNUMBER(B337),B337>0,ISNUMBER(AB337),AB337>0,J337>=Data_Summary!$C$1),1,0) -> 1 | B337: 799 | C337: =IF(ISNUMBER(AB337),AB337,"") -> 3400 | D337: =IF(ISNUMBER(C337),C337-U337*Data_Summary!$C$2,"") -> 3400 | E337: =IFERROR(C337/B337,"") -> 4.2553191 | F337: =IFERROR(D337/B337,"") -> 4.2553191 | G337: =Q337 -> 2+1 | H337: =IFERROR(LEFT(G337,1),"") -> 2 | I337: =IF(LEN(G337)>1,1,0) -> 1 | J337: 46090 | K337: Nobu Residences | L337: 15 Mercer St | M337: Toronto | N337: Madison Group | O337: 4010 | Q337: 2+1 | R337: 2 | S337: 799 | T337: 800-899 sqft | U337: 0 | V337: Yes | W337: None | X337: Balcony, Patio | Y337: SW | Z337: Built 2024 (2 yrs) | AA337: Concierge, Gym, Party Room, Outdoor Terrace | AB337: 3400 | AC337: 3400 | AD337: =IFERROR(AB337/B337,"") -> 4.2553191 | AE337: =IFERROR(AC337/B337,"") -> 4.2553191 | AF337: No | AG337: No | AH337: No | AI337: 2026-03-09 | AJ337: C12833206 | AK337: https://condos.ca/toronto/nobu-residences-15-mercer-st-35-mercer-st/unit-4010-C12833206 | AL337: condos.ca area 799 sqft*; calc SF 799 outside MLS bracket 800-899 — flagged; leased 2026-03-09. | AM337: Condo | AN337: =IFERROR(E337*(1+IF(AM337="Apartment",Data_Summary!$C$3,0)),"") -> 4.2553191 | AO337: 46195
A338: =IF(AND(ISNUMBER(B338),B338>0,ISNUMBER(AB338),AB338>0,J338>=Data_Summary!$C$1),1,0) -> 1 | B338: 748 | C338: =IF(ISNUMBER(AB338),AB338,"") -> 3400 | D338: =IF(ISNUMBER(C338),C338-U338*Data_Summary!$C$2,"") -> 3400 | E338: =IFERROR(C338/B338,"") -> 4.5454545 | F338: =IFERROR(D338/B338,"") -> 4.5454545 | G338: =Q338 -> 2 | H338: =IFERROR(LEFT(G338,1),"") -> 2 | I338: =IF(LEN(G338)>1,1,0) -> 0 | J338: 46086 | K338: Nobu Residences | L338: 15 Mercer St | M338: Toronto | N338: Madison Group | O338: 1909 | Q338: 2 | R338: 2 | S338: 748 | T338: 700-799 sqft | U338: 0 | V338: Yes | W338: None | Y338: S | Z338: Built 2024 (2 yrs) | AA338: Concierge, Gym, Party Room, Outdoor Terrace | AB338: 3400 | AC338: 3400 | AD338: =IFERROR(AB338/B338,"") -> 4.5454545 | AE338: =IFERROR(AC338/B338,"") -> 4.5454545 | AF338: No | AG338: No | AH338: No | AI338: 2026-03-05 | AJ338: C12814990 | AK338: https://condos.ca/toronto/nobu-residences-15-mercer-st-35-mercer-st/unit-1909-C12814990 | AL338: condos.ca registered area 748 sqft* (source Calculated), in MLS bracket 700-799; leased 2026-03-05. | AM338: Condo | AN338: =IFERROR(E338*(1+IF(AM338="Apartment",Data_Summary!$C$3,0)),"") -> 4.5454545 | AO338: 46195
A339: =IF(AND(ISNUMBER(B339),B339>0,ISNUMBER(AB339),AB339>0,J339>=Data_Summary!$C$1),1,0) -> 1 | B339: 864 | C339: =IF(ISNUMBER(AB339),AB339,"") -> 4868 | D339: =IF(ISNUMBER(C339),C339-U339*Data_Summary!$C$2,"") -> 4718 | E339: =IFERROR(C339/B339,"") -> 5.6342593 | F339: =IFERROR(D339/B339,"") -> 5.4606481 | G339: =Q339 -> 3 | H339: =IFERROR(LEFT(G339,1),"") -> 3 | I339: =IF(LEN(G339)>1,1,0) -> 0 | J339: 46082 | K339: Nobu Residences | L339: 15 Mercer St | M339: Toronto | N339: Madison Group | O339: 4101 | Q339: 3 | R339: 2 | S339: 864 | T339: 800-899 sqft | U339: 1 | V339: Yes | W339: None | Y339: S | Z339: Built 2024 (2 yrs) | AA339: Concierge, Gym, Party Room, Outdoor Terrace | AB339: 4868 | AC339: 4950 | AD339: =IFERROR(AB339/B339,"") -> 5.6342593 | AE339: =IFERROR(AC339/B339,"") -> 5.7291667 | AF339: Yes | AG339: No | AH339: Yes | AI339: 2026-03-01 | AJ339: C12763634 | AK339: https://condos.ca/toronto/nobu-residences-15-mercer-st-35-mercer-st/unit-4101-C12763634 | AL339: condos.ca area 864 sqft*; furnished/short-term lease; leased 2026-03-01. | AM339: Condo | AN339: =IFERROR(E339*(1+IF(AM339="Apartment",Data_Summary!$C$3,0)),"") -> 5.6342593 | AO339: 46195
A340: =IF(AND(ISNUMBER(B340),B340>0,ISNUMBER(AB340),AB340>0,J340>=Data_Summary!$C$1),1,0) -> 1 | B340: 890 | C340: =IF(ISNUMBER(AB340),AB340,"") -> 3300 | D340: =IF(ISNUMBER(C340),C340-U340*Data_Summary!$C$2,"") -> 3300 | E340: =IFERROR(C340/B340,"") -> 3.7078652 | F340: =IFERROR(D340/B340,"") -> 3.7078652 | G340: =Q340 -> 2+1 | H340: =IFERROR(LEFT(G340,1),"") -> 2 | I340: =IF(LEN(G340)>1,1,0) -> 1 | J340: 46081 | K340: Nobu Residences | L340: 15 Mercer St | M340: Toronto | N340: Madison Group | O340: 822 | Q340: 2+1 | R340: 2 | S340: 890 | T340: 800-899 sqft | U340: 0 | V340: Yes | W340: None | X340: Balcony, Patio | Y340: NW | Z340: Built 2024 (2 yrs) | AA340: Concierge, Gym, Party Room, Outdoor Terrace | AB340: 3300 | AC340: 3300 | AD340: =IFERROR(AB340/B340,"") -> 3.7078652 | AE340: =IFERROR(AC340/B340,"") -> 3.7078652 | AF340: No | AG340: No | AH340: No | AI340: 2026-02-28 | AJ340: C12793262 | AK340: https://condos.ca/toronto/nobu-residences-15-mercer-st-35-mercer-st/unit-822-C12793262 | AL340: condos.ca registered area 890 sqft* (source Calculated), in MLS bracket 800-899; leased 2026-02-28. | AM340: Condo | AN340: =IFERROR(E340*(1+IF(AM340="Apartment",Data_Summary!$C$3,0)),"") -> 3.7078652 | AO340: 46195
A341: =IF(AND(ISNUMBER(B341),B341>0,ISNUMBER(AB341),AB341>0,J341>=Data_Summary!$C$1),1,0) -> 1 | B341: 719 | C341: =IF(ISNUMBER(AB341),AB341,"") -> 3000 | D341: =IF(ISNUMBER(C341),C341-U341*Data_Summary!$C$2,"") -> 3000 | E341: =IFERROR(C341/B341,"") -> 4.1724618 | F341: =IFERROR(D341/B341,"") -> 4.1724618 | G341: =Q341 -> 2 | H341: =IFERROR(LEFT(G341,1),"") -> 2 | I341: =IF(LEN(G341)>1,1,0) -> 0 | J341: 46078 | K341: Nobu Residences | L341: 15 Mercer St | M341: Toronto | N341: Madison Group | O341: 2505 | Q341: 2 | R341: 2 | S341: 719 | T341: 600-699 sqft | U341: 0 | V341: Yes | W341: None | Y341: N | Z341: Built 2024 (2 yrs) | AA341: Concierge, Gym, Party Room, Outdoor Terrace | AB341: 3000 | AC341: 3000 | AD341: =IFERROR(AB341/B341,"") -> 4.1724618 | AE341: =IFERROR(AC341/B341,"") -> 4.1724618 | AF341: No | AG341: No | AH341: No | AI341: 2026-02-25 | AJ341: C12753348 | AK341: https://condos.ca/toronto/nobu-residences-15-mercer-st-35-mercer-st/unit-2505-C12753348 | AL341: condos.ca area 719 sqft*; calc SF 719 outside MLS bracket 600-699 — flagged; leased 2026-02-25. | AM341: Condo | AN341: =IFERROR(E341*(1+IF(AM341="Apartment",Data_Summary!$C$3,0)),"") -> 4.1724618 | AO341: 46195
A342: =IF(AND(ISNUMBER(B342),B342>0,ISNUMBER(AB342),AB342>0,J342>=Data_Summary!$C$1),1,0) -> 1 | B342: 799 | C342: =IF(ISNUMBER(AB342),AB342,"") -> 3200 | D342: =IF(ISNUMBER(C342),C342-U342*Data_Summary!$C$2,"") -> 3200 | E342: =IFERROR(C342/B342,"") -> 4.0050063 | F342: =IFERROR(D342/B342,"") -> 4.0050063 | G342: =Q342 -> 2+1 | H342: =IFERROR(LEFT(G342,1),"") -> 2 | I342: =IF(LEN(G342)>1,1,0) -> 1 | J342: 46073 | K342: Nobu Residences | L342: 15 Mercer St | M342: Toronto | N342: Madison Group | O342: 2112 | Q342: 2+1 | R342: 2 | S342: 799 | T342: 700-799 sqft | U342: 0 | V342: Yes | W342: None | X342: Balcony, Patio | Y342: NW | Z342: Built 2024 (2 yrs) | AA342: Concierge, Gym, Party Room, Outdoor Terrace | AB342: 3200 | AC342: 3200 | AD342: =IFERROR(AB342/B342,"") -> 4.0050063 | AE342: =IFERROR(AC342/B342,"") -> 4.0050063 | AF342: No | AG342: No | AH342: No | AI342: 2026-02-20 | AJ342: C12796180 | AK342: https://condos.ca/toronto/nobu-residences-15-mercer-st-35-mercer-st/unit-2112-C12796180 | AL342: condos.ca registered area 799 sqft* (source Calculated), in MLS bracket 700-799; leased 2026-02-20. | AM342: Condo | AN342: =IFERROR(E342*(1+IF(AM342="Apartment",Data_Summary!$C$3,0)),"") -> 4.0050063 | AO342: 46195
A343: =IF(AND(ISNUMBER(B343),B343>0,ISNUMBER(AB343),AB343>0,J343>=Data_Summary!$C$1),1,0) -> 1 | B343: 719 | C343: =IF(ISNUMBER(AB343),AB343,"") -> 3300 | D343: =IF(ISNUMBER(C343),C343-U343*Data_Summary!$C$2,"") -> 3300 | E343: =IFERROR(C343/B343,"") -> 4.5897079 | F343: =IFERROR(D343/B343,"") -> 4.5897079 | G343: =Q343 -> 2 | H343: =IFERROR(LEFT(G343,1),"") -> 2 | I343: =IF(LEN(G343)>1,1,0) -> 0 | J343: 46073 | K343: Nobu Residences | L343: 15 Mercer St | M343: Toronto | N343: Madison Group | O343: 2305 | Q343: 2 | R343: 2 | S343: 719 | T343: 700-799 sqft | U343: 0 | V343: Yes | W343: None | Y343: N | Z343: Built 2024 (2 yrs) | AA343: Concierge, Gym, Party Room, Outdoor Terrace | AB343: 3300 | AC343: 3400 | AD343: =IFERROR(AB343/B343,"") -> 4.5897079 | AE343: =IFERROR(AC343/B343,"") -> 4.72879 | AF343: No | AG343: No | AH343: No | AI343: 2026-02-20 | AJ343: C12610220 | AK343: https://condos.ca/toronto/nobu-residences-15-mercer-st-35-mercer-st/unit-2305-C12610220 | AL343: condos.ca registered area 719 sqft* (source Calculated), in MLS bracket 700-799; leased 2026-02-20. | AM343: Condo | AN343: =IFERROR(E343*(1+IF(AM343="Apartment",Data_Summary!$C$3,0)),"") -> 4.5897079 | AO343: 46195
A344: =IF(AND(ISNUMBER(B344),B344>0,ISNUMBER(AB344),AB344>0,J344>=Data_Summary!$C$1),1,0) -> 1 | B344: 756 | C344: =IF(ISNUMBER(AB344),AB344,"") -> 3150 | D344: =IF(ISNUMBER(C344),C344-U344*Data_Summary!$C$2,"") -> 3150 | E344: =IFERROR(C344/B344,"") -> 4.1666667 | F344: =IFERROR(D344/B344,"") -> 4.1666667 | G344: =Q344 -> 2+1 | H344: =IFERROR(LEFT(G344,1),"") -> 2 | I344: =IF(LEN(G344)>1,1,0) -> 1 | J344: 46071 | K344: Nobu Residences | L344: 15 Mercer St | M344: Toronto | N344: Madison Group | O344: 1114 | Q344: 2+1 | R344: 2 | S344: 756 | T344: 700-799 sqft | U344: 0 | V344: Yes | W344: None | X344: Balcony, Patio | Y344: N | Z344: Built 2024 (2 yrs) | AA344: Concierge, Gym, Party Room, Outdoor Terrace | AB344: 3150 | AC344: 3290 | AD344: =IFERROR(AB344/B344,"") -> 4.1666667 | AE344: =IFERROR(AC344/B344,"") -> 4.3518519 | AF344: No | AG344: No | AH344: No | AI344: 2026-02-18 | AJ344: C12766538 | AK344: https://condos.ca/toronto/nobu-residences-15-mercer-st-35-mercer-st/unit-1114-C12766538 | AL344: condos.ca registered area 756 sqft* (source Calculated), in MLS bracket 700-799; leased 2026-02-18. | AM344: Condo | AN344: =IFERROR(E344*(1+IF(AM344="Apartment",Data_Summary!$C$3,0)),"") -> 4.1666667 | AO344: 46195
A345: =IF(AND(ISNUMBER(B345),B345>0,ISNUMBER(AB345),AB345>0,J345>=Data_Summary!$C$1),1,0) -> 1 | B345: 862 | C345: =IF(ISNUMBER(AB345),AB345,"") -> 3800 | D345: =IF(ISNUMBER(C345),C345-U345*Data_Summary!$C$2,"") -> 3650 | E345: =IFERROR(C345/B345,"") -> 4.4083527 | F345: =IFERROR(D345/B345,"") -> 4.2343387 | G345: =Q345 -> 2+1 | H345: =IFERROR(LEFT(G345,1),"") -> 2 | I345: =IF(LEN(G345)>1,1,0) -> 1 | J345: 46067 | K345: Nobu Residences | L345: 15 Mercer St | M345: Toronto | N345: Madison Group | O345: 2508 | Q345: 2+1 | R345: 2 | S345: 862 | T345: 800-899 sqft | U345: 1 | V345: Yes | W345: None | X345: Balcony, Patio | Y345: SE | Z345: Built 2024 (2 yrs) | AA345: Concierge, Gym, Party Room, Outdoor Terrace | AB345: 3800 | AC345: 3800 | AD345: =IFERROR(AB345/B345,"") -> 4.4083527 | AE345: =IFERROR(AC345/B345,"") -> 4.4083527 | AF345: No | AG345: No | AH345: No | AI345: 2026-02-14 | AJ345: C12773588 | AK345: https://condos.ca/toronto/nobu-residences-15-mercer-st-35-mercer-st/unit-2508-C12773588 | AL345: condos.ca registered area 862 sqft* (source Calculated), in MLS bracket 800-899; leased 2026-02-14. | AM345: Condo | AN345: =IFERROR(E345*(1+IF(AM345="Apartment",Data_Summary!$C$3,0)),"") -> 4.4083527 | AO345: 46195
A346: =IF(AND(ISNUMBER(B346),B346>0,ISNUMBER(AB346),AB346>0,J346>=Data_Summary!$C$1),1,0) -> 1 | B346: 520 | C346: =IF(ISNUMBER(AB346),AB346,"") -> 2300 | D346: =IF(ISNUMBER(C346),C346-U346*Data_Summary!$C$2,"") -> 2300 | E346: =IFERROR(C346/B346,"") -> 4.4230769 | F346: =IFERROR(D346/B346,"") -> 4.4230769 | G346: =Q346 -> 1+1 | H346: =IFERROR(LEFT(G346,1),"") -> 1 | I346: =IF(LEN(G346)>1,1,0) -> 1 | J346: 46063 | K346: Nobu Residences | L346: 15 Mercer St | M346: Toronto | N346: Madison Group | O346: 2815 | Q346: 1+1 | R346: 1 | S346: 520 | T346: 500-599 sqft | U346: 0 | V346: Yes | W346: None | Y346: E | Z346: Built 2024 (2 yrs) | AA346: Concierge, Gym, Party Room, Outdoor Terrace | AB346: 2300 | AC346: 2300 | AD346: =IFERROR(AB346/B346,"") -> 4.4230769 | AE346: =IFERROR(AC346/B346,"") -> 4.4230769 | AF346: No | AG346: No | AH346: No | AI346: 2026-02-10 | AJ346: C12754512 | AK346: https://condos.ca/toronto/nobu-residences-15-mercer-st-35-mercer-st/unit-2815-C12754512 | AL346: condos.ca registered area 520 sqft* (source Calculated), in MLS bracket 500-599; leased 2026-02-10. | AM346: Condo | AN346: =IFERROR(E346*(1+IF(AM346="Apartment",Data_Summary!$C$3,0)),"") -> 4.4230769 | AO346: 46195
A347: =IF(AND(ISNUMBER(B347),B347>0,ISNUMBER(AB347),AB347>0,J347>=Data_Summary!$C$1),1,0) -> 1 | B347: 652 | C347: =IF(ISNUMBER(AB347),AB347,"") -> 2850 | D347: =IF(ISNUMBER(C347),C347-U347*Data_Summary!$C$2,"") -> 2850 | E347: =IFERROR(C347/B347,"") -> 4.3711656 | F347: =IFERROR(D347/B347,"") -> 4.3711656 | G347: =Q347 -> 2 | H347: =IFERROR(LEFT(G347,1),"") -> 2 | I347: =IF(LEN(G347)>1,1,0) -> 0 | J347: 46062 | K347: Nobu Residences | L347: 15 Mercer St | M347: Toronto | N347: Madison Group | O347: 2411 | Q347: 2 | R347: 2 | S347: 652 | T347: 600-699 sqft | U347: 0 | V347: Yes | W347: None | Y347: W | Z347: Built 2024 (2 yrs) | AA347: Concierge, Gym, Party Room, Outdoor Terrace | AB347: 2850 | AC347: 2850 | AD347: =IFERROR(AB347/B347,"") -> 4.3711656 | AE347: =IFERROR(AC347/B347,"") -> 4.3711656 | AF347: No | AG347: No | AH347: No | AI347: 2026-02-09 | AJ347: C12753836 | AK347: https://condos.ca/toronto/nobu-residences-15-mercer-st-35-mercer-st/unit-2411-C12753836 | AL347: condos.ca registered area 652 sqft* (source Calculated), in MLS bracket 600-699; leased 2026-02-09. | AM347: Condo | AN347: =IFERROR(E347*(1+IF(AM347="Apartment",Data_Summary!$C$3,0)),"") -> 4.3711656 | AO347: 46195
A348: =IF(AND(ISNUMBER(B348),B348>0,ISNUMBER(AB348),AB348>0,J348>=Data_Summary!$C$1),1,0) -> 1 | B348: 417 | C348: =IF(ISNUMBER(AB348),AB348,"") -> 2150 | D348: =IF(ISNUMBER(C348),C348-U348*Data_Summary!$C$2,"") -> 2150 | E348: =IFERROR(C348/B348,"") -> 5.1558753 | F348: =IFERROR(D348/B348,"") -> 5.1558753 | G348: =Q348 -> 1 | H348: =IFERROR(LEFT(G348,1),"") -> 1 | I348: =IF(LEN(G348)>1,1,0) -> 0 | J348: 46062 | K348: Nobu Residences | L348: 15 Mercer St | M348: Toronto | N348: Madison Group | O348: 3713 | Q348: 1 | R348: 1 | S348: 417 | T348: 0-499 sqft | U348: 0 | V348: Yes | W348: None | Y348: E | Z348: Built 2024 (2 yrs) | AA348: Concierge, Gym, Party Room, Outdoor Terrace | AB348: 2150 | AC348: 2200 | AD348: =IFERROR(AB348/B348,"") -> 5.1558753 | AE348: =IFERROR(AC348/B348,"") -> 5.2757794 | AF348: No | AG348: No | AH348: No | AI348: 2026-02-09 | AJ348: C12712842 | AK348: https://condos.ca/toronto/nobu-residences-15-mercer-st-35-mercer-st/unit-3713-C12712842 | AL348: condos.ca registered area 417 sqft* (source Calculated), in MLS bracket 0-499; leased 2026-02-09. | AM348: Condo | AN348: =IFERROR(E348*(1+IF(AM348="Apartment",Data_Summary!$C$3,0)),"") -> 5.1558753 | AO348: 46195
A349: =IF(AND(ISNUMBER(B349),B349>0,ISNUMBER(AB349),AB349>0,J349>=Data_Summary!$C$1),1,0) -> 1 | B349: 706 | C349: =IF(ISNUMBER(AB349),AB349,"") -> 2700 | D349: =IF(ISNUMBER(C349),C349-U349*Data_Summary!$C$2,"") -> 2700 | E349: =IFERROR(C349/B349,"") -> 3.8243626 | F349: =IFERROR(D349/B349,"") -> 3.8243626 | G349: =Q349 -> 2 | H349: =IFERROR(LEFT(G349,1),"") -> 2 | I349: =IF(LEN(G349)>1,1,0) -> 0 | J349: 46060 | K349: Nobu Residences | L349: 15 Mercer St | M349: Toronto | N349: Madison Group | O349: 605 | Q349: 2 | R349: 2 | S349: 706 | T349: 700-799 sqft | U349: 0 | V349: Yes | W349: None | Y349: E | Z349: Built 2024 (2 yrs) | AA349: Concierge, Gym, Party Room, Outdoor Terrace | AB349: 2700 | AC349: 2800 | AD349: =IFERROR(AB349/B349,"") -> 3.8243626 | AE349: =IFERROR(AC349/B349,"") -> 3.9660057 | AF349: No | AG349: No | AH349: No | AI349: 2026-02-07 | AJ349: C12681706 | AK349: https://condos.ca/toronto/nobu-residences-15-mercer-st-35-mercer-st/unit-605-C12681706 | AL349: condos.ca registered area 706 sqft* (source Calculated), in MLS bracket 700-799; leased 2026-02-07. | AM349: Condo | AN349: =IFERROR(E349*(1+IF(AM349="Apartment",Data_Summary!$C$3,0)),"") -> 3.8243626 | AO349: 46195
A350: =IF(AND(ISNUMBER(B350),B350>0,ISNUMBER(AB350),AB350>0,J350>=Data_Summary!$C$1),1,0) -> 1 | B350: 799 | C350: =IF(ISNUMBER(AB350),AB350,"") -> 2950 | D350: =IF(ISNUMBER(C350),C350-U350*Data_Summary!$C$2,"") -> 2950 | E350: =IFERROR(C350/B350,"") -> 3.6921151 | F350: =IFERROR(D350/B350,"") -> 3.6921151 | G350: =Q350 -> 2 | H350: =IFERROR(LEFT(G350,1),"") -> 2 | I350: =IF(LEN(G350)>1,1,0) -> 0 | J350: 46059 | K350: Nobu Residences | L350: 15 Mercer St | M350: Toronto | N350: Madison Group | O350: 3512 | Q350: 2 | R350: 2 | S350: 799 | T350: 700-799 sqft | U350: 0 | V350: Yes | W350: None | X350: Balcony, Patio | Y350: NW | Z350: Built 2024 (2 yrs) | AA350: Concierge, Gym, Party Room, Outdoor Terrace | AB350: 2950 | AC350: 3050 | AD350: =IFERROR(AB350/B350,"") -> 3.6921151 | AE350: =IFERROR(AC350/B350,"") -> 3.8172716 | AF350: No | AG350: No | AH350: No | AI350: 2026-02-06 | AJ350: C12757820 | AK350: https://condos.ca/toronto/nobu-residences-15-mercer-st-35-mercer-st/unit-3512-C12757820 | AL350: condos.ca registered area 799 sqft* (source Calculated), in MLS bracket 700-799; leased 2026-02-06. | AM350: Condo | AN350: =IFERROR(E350*(1+IF(AM350="Apartment",Data_Summary!$C$3,0)),"") -> 3.6921151 | AO350: 46195
A351: =IF(AND(ISNUMBER(B351),B351>0,ISNUMBER(AB351),AB351>0,J351>=Data_Summary!$C$1),1,0) -> 1 | B351: 652 | C351: =IF(ISNUMBER(AB351),AB351,"") -> 2650 | D351: =IF(ISNUMBER(C351),C351-U351*Data_Summary!$C$2,"") -> 2650 | E351: =IFERROR(C351/B351,"") -> 4.0644172 | F351: =IFERROR(D351/B351,"") -> 4.0644172 | G351: =Q351 -> 2 | H351: =IFERROR(LEFT(G351,1),"") -> 2 | I351: =IF(LEN(G351)>1,1,0) -> 0 | J351: 46057 | K351: Nobu Residences | L351: 15 Mercer St | M351: Toronto | N351: Madison Group | O351: 1507 | Q351: 2 | R351: 2 | S351: 652 | T351: 600-699 sqft | U351: 0 | V351: Yes | W351: None | Y351: E | Z351: Built 2024 (2 yrs) | AA351: Concierge, Gym, Party Room, Outdoor Terrace | AB351: 2650 | AC351: 2650 | AD351: =IFERROR(AB351/B351,"") -> 4.0644172 | AE351: =IFERROR(AC351/B351,"") -> 4.0644172 | AF351: No | AG351: No | AH351: No | AI351: 2026-02-04 | AJ351: C12746654 | AK351: https://condos.ca/toronto/nobu-residences-15-mercer-st-35-mercer-st/unit-1507-C12746654 | AL351: condos.ca registered area 652 sqft* (source Calculated), in MLS bracket 600-699; leased 2026-02-04. | AM351: Condo | AN351: =IFERROR(E351*(1+IF(AM351="Apartment",Data_Summary!$C$3,0)),"") -> 4.0644172 | AO351: 46195
A352: =IF(AND(ISNUMBER(B352),B352>0,ISNUMBER(AB352),AB352>0,J352>=Data_Summary!$C$1),1,0) -> 1 | B352: 520 | C352: =IF(ISNUMBER(AB352),AB352,"") -> 2350 | D352: =IF(ISNUMBER(C352),C352-U352*Data_Summary!$C$2,"") -> 2350 | E352: =IFERROR(C352/B352,"") -> 4.5192308 | F352: =IFERROR(D352/B352,"") -> 4.5192308 | G352: =Q352 -> 1+1 | H352: =IFERROR(LEFT(G352,1),"") -> 1 | I352: =IF(LEN(G352)>1,1,0) -> 1 | J352: 46057 | K352: Nobu Residences | L352: 15 Mercer St | M352: Toronto | N352: Madison Group | O352: 3415 | Q352: 1+1 | R352: 1 | S352: 520 | T352: 500-599 sqft | U352: 0 | V352: Yes | W352: None | Y352: E | Z352: Built 2024 (2 yrs) | AA352: Concierge, Gym, Party Room, Outdoor Terrace | AB352: 2350 | AC352: 2300 | AD352: =IFERROR(AB352/B352,"") -> 4.5192308 | AE352: =IFERROR(AC352/B352,"") -> 4.4230769 | AF352: No | AG352: No | AH352: No | AI352: 2026-02-04 | AJ352: C12740234 | AK352: https://condos.ca/toronto/nobu-residences-15-mercer-st-35-mercer-st/unit-3415-C12740234 | AL352: condos.ca registered area 520 sqft* (source Calculated), in MLS bracket 500-599; leased 2026-02-04. | AM352: Condo | AN352: =IFERROR(E352*(1+IF(AM352="Apartment",Data_Summary!$C$3,0)),"") -> 4.5192308 | AO352: 46195
A353: =IF(AND(ISNUMBER(B353),B353>0,ISNUMBER(AB353),AB353>0,J353>=Data_Summary!$C$1),1,0) -> 1 | B353: 862 | C353: =IF(ISNUMBER(AB353),AB353,"") -> 3650 | D353: =IF(ISNUMBER(C353),C353-U353*Data_Summary!$C$2,"") -> 3500 | E353: =IFERROR(C353/B353,"") -> 4.2343387 | F353: =IFERROR(D353/B353,"") -> 4.0603248 | G353: =Q353 -> 2+1 | H353: =IFERROR(LEFT(G353,1),"") -> 2 | I353: =IF(LEN(G353)>1,1,0) -> 1 | J353: 46057 | K353: Nobu Residences | L353: 15 Mercer St | M353: Toronto | N353: Madison Group | O353: 3608 | Q353: 2+1 | R353: 2 | S353: 862 | T353: 800-899 sqft | U353: 1 | V353: Yes | W353: None | X353: Balcony, Patio | Y353: SW | Z353: Built 2024 (2 yrs) | AA353: Concierge, Gym, Party Room, Outdoor Terrace | AB353: 3650 | AC353: 3650 | AD353: =IFERROR(AB353/B353,"") -> 4.2343387 | AE353: =IFERROR(AC353/B353,"") -> 4.2343387 | AF353: No | AG353: No | AH353: No | AI353: 2026-02-04 | AJ353: C12733830 | AK353: https://condos.ca/toronto/nobu-residences-15-mercer-st-35-mercer-st/unit-3608-C12733830 | AL353: condos.ca registered area 862 sqft* (source Calculated), in MLS bracket 800-899; leased 2026-02-04. | AM353: Condo | AN353: =IFERROR(E353*(1+IF(AM353="Apartment",Data_Summary!$C$3,0)),"") -> 4.2343387 | AO353: 46195
A354: =IF(AND(ISNUMBER(B354),B354>0,ISNUMBER(AB354),AB354>0,J354>=Data_Summary!$C$1),1,0) -> 1 | B354: 723 | C354: =IF(ISNUMBER(AB354),AB354,"") -> 2700 | D354: =IF(ISNUMBER(C354),C354-U354*Data_Summary!$C$2,"") -> 2700 | E354: =IFERROR(C354/B354,"") -> 3.7344398 | F354: =IFERROR(D354/B354,"") -> 3.7344398 | G354: =Q354 -> 2 | H354: =IFERROR(LEFT(G354,1),"") -> 2 | I354: =IF(LEN(G354)>1,1,0) -> 0 | J354: 46055 | K354: Nobu Residences | L354: 15 Mercer St | M354: Toronto | N354: Madison Group | O354: 806 | Q354: 2 | R354: 2 | S354: 723 | T354: 700-799 sqft | U354: 0 | V354: Yes | W354: None | Y354: E | Z354: Built 2024 (2 yrs) | AA354: Concierge, Gym, Party Room, Outdoor Terrace | AB354: 2700 | AC354: 2800 | AD354: =IFERROR(AB354/B354,"") -> 3.7344398 | AE354: =IFERROR(AC354/B354,"") -> 3.8727524 | AF354: No | AG354: No | AH354: No | AI354: 2026-02-02 | AJ354: C12565732 | AK354: https://condos.ca/toronto/nobu-residences-15-mercer-st-35-mercer-st/unit-806-C12565732 | AL354: condos.ca registered area 723 sqft* (source Calculated), in MLS bracket 700-799; leased 2026-02-02. | AM354: Condo | AN354: =IFERROR(E354*(1+IF(AM354="Apartment",Data_Summary!$C$3,0)),"") -> 3.7344398 | AO354: 46195
A355: =IF(AND(ISNUMBER(B355),B355>0,ISNUMBER(AB355),AB355>0,J355>=Data_Summary!$C$1),1,0) -> 1 | B355: 756 | C355: =IF(ISNUMBER(AB355),AB355,"") -> 3250 | D355: =IF(ISNUMBER(C355),C355-U355*Data_Summary!$C$2,"") -> 3250 | E355: =IFERROR(C355/B355,"") -> 4.2989418 | F355: =IFERROR(D355/B355,"") -> 4.2989418 | G355: =Q355 -> 2+1 | H355: =IFERROR(LEFT(G355,1),"") -> 2 | I355: =IF(LEN(G355)>1,1,0) -> 1 | J355: 46054 | K355: Nobu Residences | L355: 15 Mercer St | M355: Toronto | N355: Madison Group | O355: 3314 | Q355: 2+1 | R355: 2 | S355: 756 | T355: 700-799 sqft | U355: 0 | V355: Yes | W355: None | X355: Balcony, Patio | Y355: N | Z355: Built 2024 (2 yrs) | AA355: Concierge, Gym, Party Room, Outdoor Terrace | AB355: 3250 | AC355: 3400 | AD355: =IFERROR(AB355/B355,"") -> 4.2989418 | AE355: =IFERROR(AC355/B355,"") -> 4.4973545 | AF355: No | AG355: No | AH355: No | AI355: 2026-02-01 | AJ355: C12710324 | AK355: https://condos.ca/toronto/nobu-residences-15-mercer-st-35-mercer-st/unit-3314-C12710324 | AL355: condos.ca registered area 756 sqft* (source Calculated), in MLS bracket 700-799; leased 2026-02-01. | AM355: Condo | AN355: =IFERROR(E355*(1+IF(AM355="Apartment",Data_Summary!$C$3,0)),"") -> 4.2989418 | AO355: 46195
A356: =IF(AND(ISNUMBER(B356),B356>0,ISNUMBER(AB356),AB356>0,J356>=Data_Summary!$C$1),1,0) -> 1 | B356: 799 | C356: =IF(ISNUMBER(AB356),AB356,"") -> 4000 | D356: =IF(ISNUMBER(C356),C356-U356*Data_Summary!$C$2,"") -> 4000 | E356: =IFERROR(C356/B356,"") -> 5.0062578 | F356: =IFERROR(D356/B356,"") -> 5.0062578 | G356: =Q356 -> 2 | H356: =IFERROR(LEFT(G356,1),"") -> 2 | I356: =IF(LEN(G356)>1,1,0) -> 0 | J356: 46052 | K356: Nobu Residences | L356: 15 Mercer St | M356: Toronto | N356: Madison Group | O356: 3412 | Q356: 2 | R356: 2 | S356: 799 | T356: 700-799 sqft | U356: 0 | V356: Yes | W356: None | X356: Balcony, Patio | Y356: N | Z356: Built 2024 (2 yrs) | AA356: Concierge, Gym, Party Room, Outdoor Terrace | AB356: 4000 | AC356: 3800 | AD356: =IFERROR(AB356/B356,"") -> 5.0062578 | AE356: =IFERROR(AC356/B356,"") -> 4.7559449 | AF356: Yes | AG356: No | AH356: No | AI356: 2026-01-30 | AJ356: C12391651 | AK356: https://condos.ca/toronto/nobu-residences-15-mercer-st-35-mercer-st/unit-3412-C12391651 | AL356: condos.ca area 799 sqft*; furnished/short-term lease; leased 2026-01-30. | AM356: Condo | AN356: =IFERROR(E356*(1+IF(AM356="Apartment",Data_Summary!$C$3,0)),"") -> 5.0062578 | AO356: 46195
A357: =IF(AND(ISNUMBER(B357),B357>0,ISNUMBER(AB357),AB357>0,J357>=Data_Summary!$C$1),1,0) -> 1 | B357: 692 | C357: =IF(ISNUMBER(AB357),AB357,"") -> 2800 | D357: =IF(ISNUMBER(C357),C357-U357*Data_Summary!$C$2,"") -> 2800 | E357: =IFERROR(C357/B357,"") -> 4.0462428 | F357: =IFERROR(D357/B357,"") -> 4.0462428 | G357: =Q357 -> 2 | H357: =IFERROR(LEFT(G357,1),"") -> 2 | I357: =IF(LEN(G357)>1,1,0) -> 0 | J357: 46051 | K357: Nobu Residences | L357: 15 Mercer St | M357: Toronto | N357: Madison Group | O357: 3513 | Q357: 2 | R357: 2 | S357: 692 | T357: 600-699 sqft | U357: 0 | V357: Yes | W357: None | Y357: NW | Z357: Built 2024 (2 yrs) | AA357: Concierge, Gym, Party Room, Outdoor Terrace | AB357: 2800 | AC357: 2800 | AD357: =IFERROR(AB357/B357,"") -> 4.0462428 | AE357: =IFERROR(AC357/B357,"") -> 4.0462428 | AF357: No | AG357: No | AH357: No | AI357: 2026-01-29 | AJ357: C12727280 | AK357: https://condos.ca/toronto/nobu-residences-15-mercer-st-35-mercer-st/unit-3513-C12727280 | AL357: condos.ca registered area 692 sqft* (source Calculated), in MLS bracket 600-699; leased 2026-01-29. | AM357: Condo | AN357: =IFERROR(E357*(1+IF(AM357="Apartment",Data_Summary!$C$3,0)),"") -> 4.0462428 | AO357: 46195
A358: =IF(AND(ISNUMBER(B358),B358>0,ISNUMBER(AB358),AB358>0,J358>=Data_Summary!$C$1),1,0) -> 1 | B358: 1367 | C358: =IF(ISNUMBER(AB358),AB358,"") -> 5500 | D358: =IF(ISNUMBER(C358),C358-U358*Data_Summary!$C$2,"") -> 5200 | E358: =IFERROR(C358/B358,"") -> 4.0234089 | F358: =IFERROR(D358/B358,"") -> 3.8039503 | G358: =Q358 -> 3 | H358: =IFERROR(LEFT(G358,1),"") -> 3 | I358: =IF(LEN(G358)>1,1,0) -> 0 | J358: 46049 | K358: Nobu Residences | L358: 15 Mercer St | M358: Toronto | N358: Madison Group | O358: 4405 | Q358: 3 | R358: 3 | S358: 1367 | T358: 1200-1399 sqft | U358: 2 | V358: Yes | W358: None | X358: Balcony, Patio | Y358: SE | Z358: Built 2024 (2 yrs) | AA358: Concierge, Gym, Party Room, Outdoor Terrace | AB358: 5500 | AC358: 5500 | AD358: =IFERROR(AB358/B358,"") -> 4.0234089 | AE358: =IFERROR(AC358/B358,"") -> 4.0234089 | AF358: No | AG358: No | AH358: No | AI358: 2026-01-27 | AJ358: C12726744 | AK358: https://condos.ca/toronto/nobu-residences-15-mercer-st-35-mercer-st/unit-4405-C12726744 | AL358: condos.ca registered area 1367 sqft* (source Calculated), in MLS bracket 1200-1399; leased 2026-01-27. | AM358: Condo | AN358: =IFERROR(E358*(1+IF(AM358="Apartment",Data_Summary!$C$3,0)),"") -> 4.0234089 | AO358: 46195
A359: =IF(AND(ISNUMBER(B359),B359>0,ISNUMBER(AB359),AB359>0,J359>=Data_Summary!$C$1),1,0) -> 1 | B359: 652 | C359: =IF(ISNUMBER(AB359),AB359,"") -> 2750 | D359: =IF(ISNUMBER(C359),C359-U359*Data_Summary!$C$2,"") -> 2750 | E359: =IFERROR(C359/B359,"") -> 4.2177914 | F359: =IFERROR(D359/B359,"") -> 4.2177914 | G359: =Q359 -> 2 | H359: =IFERROR(LEFT(G359,1),"") -> 2 | I359: =IF(LEN(G359)>1,1,0) -> 0 | J359: 46048 | K359: Nobu Residences | L359: 15 Mercer St | M359: Toronto | N359: Madison Group | O359: 810 | Q359: 2 | R359: 2 | S359: 652 | T359: 600-699 sqft | U359: 0 | V359: Yes | W359: None | Y359: W | Z359: Built 2024 (2 yrs) | AA359: Concierge, Gym, Party Room, Outdoor Terrace | AB359: 2750 | AC359: 2800 | AD359: =IFERROR(AB359/B359,"") -> 4.2177914 | AE359: =IFERROR(AC359/B359,"") -> 4.2944785 | AF359: Yes | AG359: No | AH359: No | AI359: 2026-01-26 | AJ359: C12691630 | AK359: https://condos.ca/toronto/nobu-residences-15-mercer-st-35-mercer-st/unit-810-C12691630 | AL359: condos.ca area 652 sqft*; furnished/short-term lease; leased 2026-01-26. | AM359: Condo | AN359: =IFERROR(E359*(1+IF(AM359="Apartment",Data_Summary!$C$3,0)),"") -> 4.2177914 | AO359: 46195
A360: =IF(AND(ISNUMBER(B360),B360>0,ISNUMBER(AB360),AB360>0,J360>=Data_Summary!$C$1),1,0) -> 1 | B360: 639 | C360: =IF(ISNUMBER(AB360),AB360,"") -> 2900 | D360: =IF(ISNUMBER(C360),C360-U360*Data_Summary!$C$2,"") -> 2900 | E360: =IFERROR(C360/B360,"") -> 4.5383412 | F360: =IFERROR(D360/B360,"") -> 4.5383412 | G360: =Q360 -> 2 | H360: =IFERROR(LEFT(G360,1),"") -> 2 | I360: =IF(LEN(G360)>1,1,0) -> 0 | J360: 46039 | K360: Nobu Residences | L360: 15 Mercer St | M360: Toronto | N360: Madison Group | O360: 2314 | Q360: 2 | R360: 2 | S360: 639 | T360: 0-499 sqft | U360: 0 | V360: Yes | W360: None | Y360: EW | Z360: Built 2024 (2 yrs) | AA360: Concierge, Gym, Party Room, Outdoor Terrace | AB360: 2900 | AC360: 2900 | AD360: =IFERROR(AB360/B360,"") -> 4.5383412 | AE360: =IFERROR(AC360/B360,"") -> 4.5383412 | AF360: No | AG360: No | AH360: No | AI360: 2026-01-17 | AJ360: C12685358 | AK360: https://condos.ca/toronto/nobu-residences-15-mercer-st-35-mercer-st/unit-2314-C12685358 | AL360: condos.ca area 639 sqft*; calc SF 639 outside MLS bracket 0-499 — flagged; leased 2026-01-17. | AM360: Condo | AN360: =IFERROR(E360*(1+IF(AM360="Apartment",Data_Summary!$C$3,0)),"") -> 4.5383412 | AO360: 46195
A361: =IF(AND(ISNUMBER(B361),B361>0,ISNUMBER(AB361),AB361>0,J361>=Data_Summary!$C$1),1,0) -> 1 | B361: 652 | C361: =IF(ISNUMBER(AB361),AB361,"") -> 3050 | D361: =IF(ISNUMBER(C361),C361-U361*Data_Summary!$C$2,"") -> 3050 | E361: =IFERROR(C361/B361,"") -> 4.6779141 | F361: =IFERROR(D361/B361,"") -> 4.6779141 | G361: =Q361 -> 2 | H361: =IFERROR(LEFT(G361,1),"") -> 2 | I361: =IF(LEN(G361)>1,1,0) -> 0 | J361: 46039 | K361: Nobu Residences | L361: 15 Mercer St | M361: Toronto | N361: Madison Group | O361: 1003 | Q361: 2 | R361: 2 | S361: 652 | T361: 600-699 sqft | U361: 0 | V361: Yes | W361: None | Y361: NE | Z361: Built 2024 (2 yrs) | AA361: Concierge, Gym, Party Room, Outdoor Terrace | AB361: 3050 | AC361: 3100 | AD361: =IFERROR(AB361/B361,"") -> 4.6779141 | AE361: =IFERROR(AC361/B361,"") -> 4.7546012 | AF361: Yes | AG361: No | AH361: No | AI361: 2026-01-17 | AJ361: C12643464 | AK361: https://condos.ca/toronto/nobu-residences-15-mercer-st-35-mercer-st/unit-1003-C12643464 | AL361: condos.ca area 652 sqft*; furnished/short-term lease; leased 2026-01-17. | AM361: Condo | AN361: =IFERROR(E361*(1+IF(AM361="Apartment",Data_Summary!$C$3,0)),"") -> 4.6779141 | AO361: 46195
A362: =IF(AND(ISNUMBER(B362),B362>0,ISNUMBER(AB362),AB362>0,J362>=Data_Summary!$C$1),1,0) -> 1 | B362: 799 | C362: =IF(ISNUMBER(AB362),AB362,"") -> 4400 | D362: =IF(ISNUMBER(C362),C362-U362*Data_Summary!$C$2,"") -> 4400 | E362: =IFERROR(C362/B362,"") -> 5.5068836 | F362: =IFERROR(D362/B362,"") -> 5.5068836 | G362: =Q362 -> 2+1 | H362: =IFERROR(LEFT(G362,1),"") -> 2 | I362: =IF(LEN(G362)>1,1,0) -> 1 | J362: 46038 | K362: Nobu Residences | L362: 15 Mercer St | M362: Toronto | N362: Madison Group | O362: 1312 | Q362: 2+1 | R362: 2 | S362: 799 | T362: 800-899 sqft | U362: 0 | V362: Yes | W362: None | X362: Balcony, Patio | Y362: NE | Z362: Built 2024 (2 yrs) | AA362: Concierge, Gym, Party Room, Outdoor Terrace | AB362: 4400 | AC362: 3699 | AD362: =IFERROR(AB362/B362,"") -> 5.5068836 | AE362: =IFERROR(AC362/B362,"") -> 4.6295369 | AF362: Yes | AG362: Yes | AH362: Yes | AI362: 2026-01-16 | AJ362: C12657316 | AK362: https://condos.ca/toronto/nobu-residences-15-mercer-st-35-mercer-st/unit-1312-C12657316 | AL362: condos.ca area 799 sqft*; calc SF 799 outside MLS bracket 800-899 — flagged; furnished/short-term lease; leased 2026-01-16. | AM362: Condo | AN362: =IFERROR(E362*(1+IF(AM362="Apartment",Data_Summary!$C$3,0)),"") -> 5.5068836 | AO362: 46195
A363: =IF(AND(ISNUMBER(B363),B363>0,ISNUMBER(AB363),AB363>0,J363>=Data_Summary!$C$1),1,0) -> 1 | B363: 510 | C363: =IF(ISNUMBER(AB363),AB363,"") -> 2200 | D363: =IF(ISNUMBER(C363),C363-U363*Data_Summary!$C$2,"") -> 2200 | E363: =IFERROR(C363/B363,"") -> 4.3137255 | F363: =IFERROR(D363/B363,"") -> 4.3137255 | G363: =Q363 -> 1 | H363: =IFERROR(LEFT(G363,1),"") -> 1 | I363: =IF(LEN(G363)>1,1,0) -> 0 | J363: 46037 | K363: Nobu Residences | L363: 15 Mercer St | M363: Toronto | N363: Madison Group | O363: 1315 | Q363: 1 | R363: 1 | S363: 510 | T363: 500-599 sqft | U363: 0 | V363: Yes | W363: None | Y363: NE | Z363: Built 2024 (2 yrs) | AA363: Concierge, Gym, Party Room, Outdoor Terrace | AB363: 2200 | AC363: 2200 | AD363: =IFERROR(AB363/B363,"") -> 4.3137255 | AE363: =IFERROR(AC363/B363,"") -> 4.3137255 | AF363: No | AG363: No | AH363: No | AI363: 2026-01-15 | AJ363: C12670226 | AK363: https://condos.ca/toronto/nobu-residences-15-mercer-st-35-mercer-st/unit-1315-C12670226 | AL363: condos.ca registered area 510 sqft* (source Calculated), in MLS bracket 500-599; leased 2026-01-15. | AM363: Condo | AN363: =IFERROR(E363*(1+IF(AM363="Apartment",Data_Summary!$C$3,0)),"") -> 4.3137255 | AO363: 46195
A364: =IF(AND(ISNUMBER(B364),B364>0,ISNUMBER(AB364),AB364>0,J364>=Data_Summary!$C$1),1,0) -> 1 | B364: 862 | C364: =IF(ISNUMBER(AB364),AB364,"") -> 4000 | D364: =IF(ISNUMBER(C364),C364-U364*Data_Summary!$C$2,"") -> 3850 | E364: =IFERROR(C364/B364,"") -> 4.6403712 | F364: =IFERROR(D364/B364,"") -> 4.4663573 | G364: =Q364 -> 2 | H364: =IFERROR(LEFT(G364,1),"") -> 2 | I364: =IF(LEN(G364)>1,1,0) -> 0 | J364: 46035 | K364: Nobu Residences | L364: 15 Mercer St | M364: Toronto | N364: Madison Group | O364: 3510 | Q364: 2 | R364: 2 | S364: 862 | T364: 800-899 sqft | U364: 1 | V364: Yes | W364: None | X364: Balcony, Patio | Y364: SW | Z364: Built 2024 (2 yrs) | AA364: Concierge, Gym, Party Room, Outdoor Terrace | AB364: 4000 | AC364: 4000 | AD364: =IFERROR(AB364/B364,"") -> 4.6403712 | AE364: =IFERROR(AC364/B364,"") -> 4.6403712 | AF364: No | AG364: No | AH364: No | AI364: 2026-01-13 | AJ364: C12662870 | AK364: https://condos.ca/toronto/nobu-residences-15-mercer-st-35-mercer-st/unit-3510-C12662870 | AL364: condos.ca registered area 862 sqft* (source Calculated), in MLS bracket 800-899; leased 2026-01-13. | AM364: Condo | AN364: =IFERROR(E364*(1+IF(AM364="Apartment",Data_Summary!$C$3,0)),"") -> 4.6403712 | AO364: 46195
A365: =IF(AND(ISNUMBER(B365),B365>0,ISNUMBER(AB365),AB365>0,J365>=Data_Summary!$C$1),1,0) -> 1 | B365: 799 | C365: =IF(ISNUMBER(AB365),AB365,"") -> 3300 | D365: =IF(ISNUMBER(C365),C365-U365*Data_Summary!$C$2,"") -> 3300 | E365: =IFERROR(C365/B365,"") -> 4.1301627 | F365: =IFERROR(D365/B365,"") -> 4.1301627 | G365: =Q365 -> 2+1 | H365: =IFERROR(LEFT(G365,1),"") -> 2 | I365: =IF(LEN(G365)>1,1,0) -> 1 | J365: 46027 | K365: Nobu Residences | L365: 15 Mercer St | M365: Toronto | N365: Madison Group | O365: 1512 | Q365: 2+1 | R365: 2 | S365: 799 | T365: 700-799 sqft | U365: 0 | V365: Yes | W365: None | X365: Balcony, Patio | Y365: NW | Z365: Built 2024 (2 yrs) | AA365: Concierge, Gym, Party Room, Outdoor Terrace | AB365: 3300 | AC365: 3300 | AD365: =IFERROR(AB365/B365,"") -> 4.1301627 | AE365: =IFERROR(AC365/B365,"") -> 4.1301627 | AF365: No | AG365: No | AH365: No | AI365: 2026-01-05 | AJ365: C12628784 | AK365: https://condos.ca/toronto/nobu-residences-15-mercer-st-35-mercer-st/unit-1512-C12628784 | AL365: condos.ca registered area 799 sqft* (source Calculated), in MLS bracket 700-799; leased 2026-01-05. | AM365: Condo | AN365: =IFERROR(E365*(1+IF(AM365="Apartment",Data_Summary!$C$3,0)),"") -> 4.1301627 | AO365: 46195
A366: =IF(AND(ISNUMBER(B366),B366>0,ISNUMBER(AB366),AB366>0,J366>=Data_Summary!$C$1),1,0) -> 1 | B366: 862 | C366: =IF(ISNUMBER(AB366),AB366,"") -> 3900 | D366: =IF(ISNUMBER(C366),C366-U366*Data_Summary!$C$2,"") -> 3750 | E366: =IFERROR(C366/B366,"") -> 4.5243619 | F366: =IFERROR(D366/B366,"") -> 4.350348 | G366: =Q366 -> 2+1 | H366: =IFERROR(LEFT(G366,1),"") -> 2 | I366: =IF(LEN(G366)>1,1,0) -> 1 | J366: 46017 | K366: Nobu Residences | L366: 15 Mercer St | M366: Toronto | N366: Madison Group | O366: 1708 | Q366: 2+1 | R366: 2 | S366: 862 | T366: 800-899 sqft | U366: 1 | V366: Yes | W366: None | X366: Balcony, Patio | Y366: S | Z366: Built 2024 (2 yrs) | AA366: Concierge, Gym, Party Room, Outdoor Terrace | AB366: 3900 | AC366: 4000 | AD366: =IFERROR(AB366/B366,"") -> 4.5243619 | AE366: =IFERROR(AC366/B366,"") -> 4.6403712 | AF366: No | AG366: No | AH366: No | AI366: 2025-12-26 | AJ366: C12638164 | AK366: https://condos.ca/toronto/nobu-residences-15-mercer-st-35-mercer-st/unit-1708-C12638164 | AL366: condos.ca registered area 862 sqft* (source Calculated), in MLS bracket 800-899; leased 2025-12-26. | AM366: Condo | AN366: =IFERROR(E366*(1+IF(AM366="Apartment",Data_Summary!$C$3,0)),"") -> 4.5243619 | AO366: 46195
A367: =IF(AND(ISNUMBER(B367),B367>0,ISNUMBER(AB367),AB367>0,J367>=Data_Summary!$C$1),1,0) -> 1 | B367: 594 | C367: =IF(ISNUMBER(AB367),AB367,"") -> 2800 | D367: =IF(ISNUMBER(C367),C367-U367*Data_Summary!$C$2,"") -> 2800 | E367: =IFERROR(C367/B367,"") -> 4.7138047 | F367: =IFERROR(D367/B367,"") -> 4.7138047 | G367: =Q367 -> 1+1 | H367: =IFERROR(LEFT(G367,1),"") -> 1 | I367: =IF(LEN(G367)>1,1,0) -> 1 | J367: 46012 | K367: Nobu Residences | L367: 15 Mercer St | M367: Toronto | N367: Madison Group | O367: 419 | Q367: 1+1 | R367: 2 | S367: 594 | T367: 500-599 sqft | U367: 0 | V367: Yes | W367: None | Y367: N | Z367: Built 2024 (2 yrs) | AA367: Concierge, Gym, Party Room, Outdoor Terrace | AB367: 2800 | AC367: 2750 | AD367: =IFERROR(AB367/B367,"") -> 4.7138047 | AE367: =IFERROR(AC367/B367,"") -> 4.6296296 | AF367: Yes | AG367: No | AH367: Yes | AI367: 2025-12-21 | AJ367: C12502786 | AK367: https://condos.ca/toronto/nobu-residences-15-mercer-st-35-mercer-st/unit-419-C12502786 | AL367: condos.ca area 594 sqft*; furnished/short-term lease; leased 2025-12-21. | AM367: Condo | AN367: =IFERROR(E367*(1+IF(AM367="Apartment",Data_Summary!$C$3,0)),"") -> 4.7138047 | AO367: 46195
A368: =IF(AND(ISNUMBER(B368),B368>0,ISNUMBER(AB368),AB368>0,J368>=Data_Summary!$C$1),1,0) -> 1 | B368: 1011 | C368: =IF(ISNUMBER(AB368),AB368,"") -> 4400 | D368: =IF(ISNUMBER(C368),C368-U368*Data_Summary!$C$2,"") -> 4250 | E368: =IFERROR(C368/B368,"") -> 4.3521266 | F368: =IFERROR(D368/B368,"") -> 4.2037587 | G368: =Q368 -> 3 | H368: =IFERROR(LEFT(G368,1),"") -> 3 | I368: =IF(LEN(G368)>1,1,0) -> 0 | J368: 46008 | K368: Nobu Residences | L368: 15 Mercer St | M368: Toronto | N368: Madison Group | O368: 3804 | Q368: 3 | R368: 2 | S368: 1011 | T368: 1000-1199 sqft | U368: 1 | V368: Yes | W368: None | Y368: N | Z368: Built 2024 (2 yrs) | AA368: Concierge, Gym, Party Room, Outdoor Terrace | AB368: 4400 | AC368: 4400 | AD368: =IFERROR(AB368/B368,"") -> 4.3521266 | AE368: =IFERROR(AC368/B368,"") -> 4.3521266 | AF368: No | AG368: No | AH368: No | AI368: 2025-12-17 | AJ368: C12448872 | AK368: https://condos.ca/toronto/nobu-residences-15-mercer-st-35-mercer-st/unit-3804-C12448872 | AL368: condos.ca registered area 1011 sqft* (source Calculated), in MLS bracket 1000-1199; leased 2025-12-17. | AM368: Condo | AN368: =IFERROR(E368*(1+IF(AM368="Apartment",Data_Summary!$C$3,0)),"") -> 4.3521266 | AO368: 46195
A369: =IF(AND(ISNUMBER(B369),B369>0,ISNUMBER(AB369),AB369>0,J369>=Data_Summary!$C$1),1,0) -> 1 | B369: 676 | C369: =IF(ISNUMBER(AB369),AB369,"") -> 2550 | D369: =IF(ISNUMBER(C369),C369-U369*Data_Summary!$C$2,"") -> 2550 | E369: =IFERROR(C369/B369,"") -> 3.7721893 | F369: =IFERROR(D369/B369,"") -> 3.7721893 | G369: =Q369 -> 2 | H369: =IFERROR(LEFT(G369,1),"") -> 2 | I369: =IF(LEN(G369)>1,1,0) -> 0 | J369: 46007 | K369: Nobu Residences | L369: 15 Mercer St | M369: Toronto | N369: Madison Group | O369: 511 | Q369: 2 | R369: 2 | S369: 676 | T369: 600-699 sqft | U369: 0 | V369: Yes | W369: None | Y369: S | Z369: Built 2024 (2 yrs) | AA369: Concierge, Gym, Party Room, Outdoor Terrace | AB369: 2550 | AC369: 2600 | AD369: =IFERROR(AB369/B369,"") -> 3.7721893 | AE369: =IFERROR(AC369/B369,"") -> 3.8461538 | AF369: No | AG369: No | AH369: No | AI369: 2025-12-16 | AJ369: C12605604 | AK369: https://condos.ca/toronto/nobu-residences-15-mercer-st-35-mercer-st/unit-511-C12605604 | AL369: condos.ca registered area 676 sqft* (source Calculated), in MLS bracket 600-699; leased 2025-12-16. | AM369: Condo | AN369: =IFERROR(E369*(1+IF(AM369="Apartment",Data_Summary!$C$3,0)),"") -> 3.7721893 | AO369: 46195
A370: =IF(AND(ISNUMBER(B370),B370>0,ISNUMBER(AB370),AB370>0,J370>=Data_Summary!$C$1),1,0) -> 1 | B370: 862 | C370: =IF(ISNUMBER(AB370),AB370,"") -> 3450 | D370: =IF(ISNUMBER(C370),C370-U370*Data_Summary!$C$2,"") -> 3300 | E370: =IFERROR(C370/B370,"") -> 4.0023202 | F370: =IFERROR(D370/B370,"") -> 3.8283063 | G370: =Q370 -> 2+1 | H370: =IFERROR(LEFT(G370,1),"") -> 2 | I370: =IF(LEN(G370)>1,1,0) -> 1 | J370: 46002 | K370: Nobu Residences | L370: 15 Mercer St | M370: Toronto | N370: Madison Group | O370: 1910 | Q370: 2+1 | R370: 2 | S370: 862 | T370: 800-899 sqft | U370: 1 | V370: Yes | W370: None | X370: Balcony, Patio | Y370: SW | Z370: Built 2024 (2 yrs) | AA370: Concierge, Gym, Party Room, Outdoor Terrace | AB370: 3450 | AC370: 3500 | AD370: =IFERROR(AB370/B370,"") -> 4.0023202 | AE370: =IFERROR(AC370/B370,"") -> 4.0603248 | AF370: No | AG370: No | AH370: No | AI370: 2025-12-11 | AJ370: C12494504 | AK370: https://condos.ca/toronto/nobu-residences-15-mercer-st-35-mercer-st/unit-1910-C12494504 | AL370: condos.ca registered area 862 sqft* (source Calculated), in MLS bracket 800-899; leased 2025-12-11. | AM370: Condo | AN370: =IFERROR(E370*(1+IF(AM370="Apartment",Data_Summary!$C$3,0)),"") -> 4.0023202 | AO370: 46195
A371: =IF(AND(ISNUMBER(B371),B371>0,ISNUMBER(AB371),AB371>0,J371>=Data_Summary!$C$1),1,0) -> 1 | B371: 707 | C371: =IF(ISNUMBER(AB371),AB371,"") -> 2850 | D371: =IF(ISNUMBER(C371),C371-U371*Data_Summary!$C$2,"") -> 2850 | E371: =IFERROR(C371/B371,"") -> 4.0311174 | F371: =IFERROR(D371/B371,"") -> 4.0311174 | G371: =Q371 -> 2 | H371: =IFERROR(LEFT(G371,1),"") -> 2 | I371: =IF(LEN(G371)>1,1,0) -> 0 | J371: 46001 | K371: Nobu Residences | L371: 15 Mercer St | M371: Toronto | N371: Madison Group | O371: 614 | Q371: 2 | R371: 2 | S371: 707 | T371: 700-799 sqft | U371: 0 | V371: Yes | W371: None | Y371: N | Z371: Built 2024 (2 yrs) | AA371: Concierge, Gym, Party Room, Outdoor Terrace | AB371: 2850 | AC371: 2850 | AD371: =IFERROR(AB371/B371,"") -> 4.0311174 | AE371: =IFERROR(AC371/B371,"") -> 4.0311174 | AF371: No | AG371: No | AH371: No | AI371: 2025-12-10 | AJ371: C12394392 | AK371: https://condos.ca/toronto/nobu-residences-15-mercer-st-35-mercer-st/unit-614-C12394392 | AL371: condos.ca registered area 707 sqft* (source Calculated), in MLS bracket 700-799; leased 2025-12-10. | AM371: Condo | AN371: =IFERROR(E371*(1+IF(AM371="Apartment",Data_Summary!$C$3,0)),"") -> 4.0311174 | AO371: 46195
...

Sheet RD Apartments
A1: Include | B1: Sq Ft. | C1: Rent | D1: Adj. Rent | E1: $/sq ft | F1: Adj. $/sq ft | G1: Adj BD | H1: Beds Number | I1: Den | J1: Date | K1: Building Name | L1: Building Address | M1: Building City | N1: Developer | O1: Unit # | P1: Unit Address | Q1: Beds | R1: Baths | S1: Sqft (Condos.ca) | T1: MLS Size Range | U1: # Parking | V1: Parking Included | W1: Locker | X1: Outdoor Space | Y1: Exposure | Z1: Building Age | AA1: Building Amenities | AB1: Leased Rent ($) | AC1: Listed Rent ($) | AD1: PSF (Calculated) | AE1: PSF (Listing) | AF1: Furnished | AG1: Hydro Included | AH1: Water Included | AI1: Lease Date | AJ1: MLS# | AK1: Listing URL | AL1: Description | AM1: Product Type | AN1: $/SF (Product-Adj) | AO1: Date Scraped
K3: No purpose-built rental apartment comps in this set.

Sheet Floor Plans
A1: Building Name | B1: Building Address | C1: Building City | D1: Subject/Comp | E1: Source Site | F1: Source URL | G1: Date Read | H1: Suite / Plan Name | I1: Beds | J1: Baths | K1: Interior SF | L1: Exposure | M1: Floor Band | N1: Stack / Line | O1: Balcony/Terrace | P1: Notes | Q1: Used For Unit(s) | R1: Verification Tier
A2: 10 Lower Spadina (SUBJECT) | B2: 10 Lower Spadina Ave | C2: Toronto | D2: subject | E2: vipcondostoronto.net | F2: https://www.vipcondostoronto.net/toronto/10-lower-spadina-condos-5014 | G2: 2026-06-22 | H2: (no plans published — pre-construction) | P2: Step 0 identity only; subject mix estimated. | R2: N/A
A3: Comp condos (Route B) | C3: Toronto | D3: comp | E3: condos.ca | F3: https://condos.ca/ | G3: 2026-06-22 | H3: per-unit registered area (sqft*, source Calculated) | P3: All 1,068 comp SF came from the condos.ca leased index registered area (Route B); validated equal to unit page for Concord 929 & Aqua 414 this session. No vipcondos plans opened for comps. | Q3: all comp rows | R3: Route B / verified
A4: NOTE — one row per distinct VIPcondos plan opened this session. Subject plans tagged '(SUBJECT)'.
